-- Adminer 4.7.7 PostgreSQL dump


INSERT INTO "t_authority" ("id", "created_at", "updated_at", "version", "code", "name", "remark") VALUES
('aa8042e4-eb7b-4c30-9f9c-0e6cb9485810',	'2020-05-28 04:26:32.512586',	'2020-05-28 04:26:32.512586',	0,	'device::product::find_all',	'device product find_all',	NULL),
('3d399d55-68ed-4e76-876c-2a8d58c928a2',	'2020-05-28 04:26:32.546545',	'2020-05-28 04:26:32.546545',	0,	'device::product::find_one',	'device product find_one',	NULL),
('c2d727ee-4eed-4fd9-b9ae-54a62d11009a',	'2020-05-28 04:26:32.565773',	'2020-05-28 04:26:32.565773',	0,	'device::product::find_page',	'device product find_page',	NULL),
('423efc9a-b708-4264-bead-2e5117166e64',	'2020-05-28 04:26:32.580945',	'2020-05-28 04:26:32.580945',	0,	'device::product::save',	'device product save',	NULL),
('4323c70b-1f4c-49e7-91d6-95b1e32e1744',	'2020-05-28 04:26:32.595544',	'2020-05-28 04:26:32.595544',	0,	'device::product::delete',	'device product delete',	NULL),
('ab228030-8a09-4a2f-8036-8c718c255250',	'2020-05-28 04:26:58.893797',	'2020-05-28 04:26:58.893797',	0,	'device::device::find_all',	'device device find_all',	NULL),
('d981b753-443f-4d58-8f2a-d8c3aa945169',	'2020-05-28 04:26:58.912864',	'2020-05-28 04:26:58.912864',	0,	'device::device::find_one',	'device device find_one',	NULL),
('e0eeb04d-4ebe-43c6-a28b-1c661ab9c429',	'2020-05-28 04:26:58.933673',	'2020-05-28 04:26:58.933673',	0,	'device::device::find_page',	'device device find_page',	NULL),
('81794054-d7ae-4846-afbc-7ebf6bd09830',	'2020-05-28 04:26:58.973342',	'2020-05-28 04:26:58.973342',	0,	'device::device::save',	'device device save',	NULL),
('2831e23e-7f53-45d7-9952-a62184cb71f8',	'2020-05-28 04:26:59.028617',	'2020-05-28 04:26:59.028617',	0,	'device::device::delete',	'device device delete',	NULL),
('a0e7236f-c131-4156-aae9-cadafc30979d',	'2020-05-28 04:27:27.271249',	'2020-05-28 04:27:27.271249',	0,	'device::batch::find_all',	'device batch find_all',	NULL),
('d4e4dad8-bc97-4078-a85f-48d25c5aebc5',	'2020-05-28 04:27:27.285636',	'2020-05-28 04:27:27.285636',	0,	'device::batch::find_one',	'device batch find_one',	NULL),
('15055dad-6fd7-4243-b1df-cc4c6e49e040',	'2020-05-28 04:27:27.300152',	'2020-05-28 04:27:27.300152',	0,	'device::batch::find_page',	'device batch find_page',	NULL),
('60a4bea8-c4dd-4be1-9d34-66d516c1b377',	'2020-05-28 04:27:27.313252',	'2020-05-28 04:27:27.313252',	0,	'device::batch::save',	'device batch save',	NULL),
('83b3b526-40ba-4fb5-a556-c165ed7f3463',	'2020-05-28 04:27:27.329644',	'2020-05-28 04:27:27.329644',	0,	'device::batch::delete',	'device batch delete',	NULL),
('fcf891ef-d188-4af7-a39d-07a0c2334d37',	'2020-05-28 04:28:56.788847',	'2020-05-28 04:28:56.788847',	0,	'security::user::find_all_user_roles_by_user',	'security user find_all_user_roles_by_user',	NULL),
('7372c50d-ddfb-48bb-a99d-487b654fbaf0',	'2020-05-28 04:28:56.802837',	'2020-05-28 04:28:56.802837',	0,	'security::user::find_all',	'security user find_all',	NULL),
('1c8fb41e-25b0-4589-8be9-905128d28ce3',	'2020-05-28 04:28:56.815622',	'2020-05-28 04:28:56.815622',	0,	'security::user::find_one',	'security user find_one',	NULL),
('91c29782-7e66-45f8-83bc-c3fc392f4cee',	'2020-05-28 04:28:56.828745',	'2020-05-28 04:28:56.828745',	0,	'security::user::find_page',	'security user find_page',	NULL),
('198df62c-c153-40ee-aa97-1695ec1ee2e5',	'2020-05-28 04:28:56.840458',	'2020-05-28 04:28:56.840458',	0,	'security::user::set_major_role',	'security user set_major_role',	NULL),
('4e1ef628-b8bd-4ad7-a7ab-f7a5cc8e1833',	'2020-05-28 04:28:56.852044',	'2020-05-28 04:28:56.852044',	0,	'security::user::reset_password',	'security user reset_password',	NULL),
('329bfa32-7d5d-4695-873e-1723a143b16b',	'2020-05-28 04:28:56.864514',	'2020-05-28 04:28:56.864514',	0,	'security::user::grant_roles',	'security user grant_roles',	NULL),
('87f64cb6-8a3a-49f1-8960-ac0945b0fed9',	'2020-05-28 04:28:56.883194',	'2020-05-28 04:28:56.883194',	0,	'security::user::save',	'security user save',	NULL),
('d1029ff8-01ba-4222-9baa-178f918b865e',	'2020-05-28 04:28:56.905427',	'2020-05-28 04:28:56.905427',	0,	'security::user::enable',	'security user enable',	NULL),
('52491d26-5821-4771-a5ec-37daeda3e885',	'2020-05-28 04:28:56.929651',	'2020-05-28 04:28:56.929651',	0,	'security::user::disable',	'security user disable',	NULL),
('440d3ff0-e2b5-4bca-af3a-2ccda558ba96',	'2020-05-28 04:28:56.95384',	'2020-05-28 04:28:56.95384',	0,	'security::user::delete',	'security user delete',	NULL),
('66a203d9-cb54-4f9b-98c9-573744ed41d0',	'2020-05-28 04:30:50.348923',	'2020-05-28 04:30:50.348923',	0,	'security::role::find_all_role_authorities_by_role',	'security role find_all_role_authorities_by_role',	NULL),
('1da7b333-6760-45df-90f0-1a17b64cf573',	'2020-05-28 04:30:50.373801',	'2020-05-28 04:30:50.373801',	0,	'security::role::find_all_by_parent',	'security role find_all_by_parent',	NULL),
('09569671-d956-4e42-b26e-762cc8a62895',	'2020-05-28 04:30:50.398383',	'2020-05-28 04:30:50.398383',	0,	'security::role::find_all_exclude_self_and_its_children_by_parent',	'security role find_all_exclude_self_and_its_children_by_parent',	NULL),
('a1f6bae5-2aff-4342-a4e7-eeebd392c94d',	'2020-05-28 04:30:50.41754',	'2020-05-28 04:30:50.41754',	0,	'security::role::find_all_exclude_self_and_its_children',	'security role find_all_exclude_self_and_its_children',	NULL),
('221c8c4f-2881-4229-9c8b-f35dba2f1221',	'2020-05-28 04:30:50.431141',	'2020-05-28 04:30:50.431141',	0,	'security::role::find_all',	'security role find_all',	NULL),
('61a4fb00-3d08-4159-ac54-a669b3c9fe49',	'2020-05-28 04:30:50.448001',	'2020-05-28 04:30:50.448001',	0,	'security::role::find_one',	'security role find_one',	NULL),
('60900b76-9460-48b7-9b2e-501c05a41da8',	'2020-05-28 04:30:50.461766',	'2020-05-28 04:30:50.461766',	0,	'security::role::find_page',	'security role find_page',	NULL),
('7bfca317-7f7e-40b5-8583-8603b981db18',	'2020-05-28 04:30:50.476248',	'2020-05-28 04:30:50.476248',	0,	'security::role::grant_authorities',	'security role grant_authorities',	NULL),
('7116bd15-7c09-46bb-bddb-8ea898a5ec40',	'2020-05-28 04:30:50.489594',	'2020-05-28 04:30:50.489594',	0,	'security::role::save',	'security role save',	NULL),
('421b532b-c470-452f-846f-8b1580fb72ca',	'2020-05-28 04:30:50.502668',	'2020-05-28 04:30:50.502668',	0,	'security::role::delete',	'security role delete',	NULL),
('6843c077-24cd-4344-8daa-080f6435a8e7',	'2020-05-28 04:31:49.124609',	'2020-05-28 04:31:49.124609',	0,	'security::authority::find_all',	'security authority find_all',	NULL),
('34ca65ff-ea74-4e3e-9784-504b047c94fc',	'2020-05-28 04:31:49.144713',	'2020-05-28 04:31:49.144713',	0,	'security::authority::find_one',	'security authority find_one',	NULL),
('516a1295-1d37-4fcb-9706-8f94ac3cd594',	'2020-05-28 04:31:49.160946',	'2020-05-28 04:31:49.160946',	0,	'security::authority::find_page',	'security authority find_page',	NULL),
('8eba7e3b-a846-4173-ad4c-48fe0c1252b8',	'2020-05-28 04:31:49.18029',	'2020-05-28 04:31:49.18029',	0,	'security::authority::save',	'security authority save',	NULL),
('c4395dfd-3189-4272-ac7b-5e80ff11f4db',	'2020-05-28 04:31:49.206199',	'2020-05-28 04:31:49.206199',	0,	'security::authority::delete',	'security authority delete',	NULL),
('7453ea2b-aa18-43eb-99bd-7b898eba58b5',	'2020-05-28 04:34:00.763657',	'2020-05-28 04:34:00.763657',	0,	'security_oauth::client::find_all',	'security_oauth client find_all',	NULL),
('669d2f64-4262-4c68-abfe-31cdfe48ee3e',	'2020-05-28 04:34:00.805866',	'2020-05-28 04:34:00.805866',	0,	'security_oauth::client::find_one',	'security_oauth client find_one',	NULL),
('465bfc29-ef95-40c5-b718-9debc97c0fd4',	'2020-05-28 04:34:00.845217',	'2020-05-28 04:34:00.845217',	0,	'security_oauth::client::find_page',	'security_oauth client find_page',	NULL),
('28b5f4c6-0361-48db-9222-c64dd9e37e31',	'2020-05-28 04:34:00.876332',	'2020-05-28 04:34:00.876332',	0,	'security_oauth::client::save',	'security_oauth client save',	NULL),
('b6b6ad9a-da3a-43a1-836b-4224b44d27a4',	'2020-05-28 04:34:00.899424',	'2020-05-28 04:34:00.899424',	0,	'security_oauth::client::delete',	'security_oauth client delete',	NULL),
('42ccbb3f-c94a-4841-aedd-7a2e6e080bbc',	'2020-05-28 04:38:20.721052',	'2020-05-28 04:38:20.721052',	0,	'system::message_template::find_all',	'system message_template find_all',	NULL),
('1491facc-9dcb-4b62-b290-cb1a5ac29d37',	'2020-05-28 04:38:20.753595',	'2020-05-28 04:38:20.753595',	0,	'system::message_template::find_one',	'system message_template find_one',	NULL),
('3b0b86f5-7d16-4d72-a204-d0d6395ef264',	'2020-05-28 04:38:20.770944',	'2020-05-28 04:38:20.770944',	0,	'system::message_template::find_page',	'system message_template find_page',	NULL),
('673a17e5-1498-4545-b43d-0406145e2fac',	'2020-05-28 04:38:20.785416',	'2020-05-28 04:38:20.785416',	0,	'system::message_template::save',	'system message_template save',	NULL),
('45ac9b55-61f9-4738-99b8-005193ddb6cb',	'2020-05-28 04:38:20.799424',	'2020-05-28 04:38:20.799424',	0,	'system::message_template::delete',	'system message_template delete',	NULL),
('b5cb6aaa-7624-4100-9010-55996c58dfcd',	'2020-05-28 04:44:44.204998',	'2020-05-28 04:44:44.204998',	0,	'system::asset::find_all',	'system asset find_all',	NULL),
('5dd69ea4-ad3d-4a11-806c-9fcedc7321a2',	'2020-05-28 04:44:44.231481',	'2020-05-28 04:44:44.231481',	0,	'system::asset::find_one',	'system asset find_one',	NULL),
('fcbe3f62-e538-4001-9e83-1c800c0d0b43',	'2020-05-28 04:44:44.248936',	'2020-05-28 04:44:44.248936',	0,	'system::asset::find_page',	'system asset find_page',	NULL),
('e5fe53dc-6c38-48c6-a861-a1973709e00b',	'2020-05-28 04:44:44.263978',	'2020-05-28 04:44:44.263978',	0,	'system::asset::upload',	'system asset upload',	NULL),
('8b18fc9f-7765-4a51-ab13-39d071e00196',	'2020-05-28 04:44:44.284465',	'2020-05-28 04:44:44.284465',	0,	'system::asset::save',	'system asset save',	NULL),
('84e10fc2-a2c8-41f9-a97f-5170fd95c4d3',	'2020-05-28 04:44:44.312676',	'2020-05-28 04:44:44.312676',	0,	'system::asset::delete',	'system asset delete',	NULL),
('a936165e-10ff-4c83-a706-b57cdd2ee24f',	'2020-05-28 04:45:15.312553',	'2020-05-28 04:45:15.312553',	0,	'system::captcha::find_all',	'system captcha find_all',	NULL),
('331591c2-364b-48f4-8bf2-d09a87e90d9a',	'2020-05-28 04:45:15.384983',	'2020-05-28 04:45:15.384983',	0,	'system::captcha::find_one',	'system captcha find_one',	NULL),
('6d6f619f-cc1d-4380-8e04-abc5bb6cbf94',	'2020-05-28 04:45:15.422282',	'2020-05-28 04:45:15.422282',	0,	'system::captcha::find_page',	'system captcha find_page',	NULL),
('2415682f-f650-4f54-be58-b2581c11dbae',	'2020-05-28 04:45:15.458288',	'2020-05-28 04:45:15.458288',	0,	'system::captcha::generate_for_authentication',	'system captcha generate_for_authentication',	NULL),
('4deac6e4-8e64-49f8-aa93-8f0685140662',	'2020-05-28 04:45:15.496665',	'2020-05-28 04:45:15.496665',	0,	'system::captcha::save',	'system captcha save',	NULL),
('5e8354d9-8d00-4ada-b497-fc0ff104c0c2',	'2020-05-28 04:45:15.53055',	'2020-05-28 04:45:15.53055',	0,	'system::captcha::delete',	'system captcha delete',	NULL),
('f59e32f9-e45f-423f-9179-b9ce4083b39e',	'2020-05-28 04:45:36.299758',	'2020-05-28 04:45:36.299758',	0,	'system::dictionary_item::find_all_by_type_code',	'system dictionary_item find_all_by_type_code',	NULL),
('002fd2f2-51bc-4074-8d68-988c0cab3bef',	'2020-05-28 04:45:36.345386',	'2020-05-28 04:45:36.345386',	0,	'system::dictionary_item::find_all_exclude_self_and_its_children_by_parent',	'system dictionary_item find_all_exclude_self_and_its_children_by_parent',	NULL),
('abe4b118-0e31-419d-a4cc-c24864dfe49e',	'2020-05-28 04:45:36.390893',	'2020-05-28 04:45:36.390893',	0,	'system::dictionary_item::find_all_by_parent',	'system dictionary_item find_all_by_parent',	NULL),
('67d5a07d-aba2-4c3e-8464-9e9392c76c20',	'2020-05-28 04:45:36.422433',	'2020-05-28 04:45:36.422433',	0,	'system::dictionary_item::find_all_exclude_self_and_its_children',	'system dictionary_item find_all_exclude_self_and_its_children',	NULL),
('8e1ed1d6-bdeb-4fe5-b5e3-409df0cb6afa',	'2020-05-28 04:45:36.453542',	'2020-05-28 04:45:36.453542',	0,	'system::dictionary_item::find_all',	'system dictionary_item find_all',	NULL),
('775df6d4-37ac-41f2-bb39-f798b231f278',	'2020-05-28 04:45:36.481312',	'2020-05-28 04:45:36.481312',	0,	'system::dictionary_item::find_one',	'system dictionary_item find_one',	NULL),
('6a17c3aa-c267-4f74-b618-8f5e451d34ad',	'2020-05-28 04:45:36.515317',	'2020-05-28 04:45:36.515317',	0,	'system::dictionary_item::find_page',	'system dictionary_item find_page',	NULL),
('52328ba6-4a02-4b2f-9398-c34a4cb8aad9',	'2020-05-28 04:45:36.5426',	'2020-05-28 04:45:36.5426',	0,	'system::dictionary_item::save',	'system dictionary_item save',	NULL),
('42cd5482-c687-4ba4-8152-ae57cd48c74d',	'2020-05-28 04:45:36.569497',	'2020-05-28 04:45:36.569497',	0,	'system::dictionary_item::sort',	'system dictionary_item sort',	NULL),
('d2c8e6d0-a170-400e-bbed-231315f3181c',	'2020-05-28 04:45:36.596214',	'2020-05-28 04:45:36.596214',	0,	'system::dictionary_item::delete',	'system dictionary_item delete',	NULL),
('4b9fa1bf-c4b4-4133-85a8-c216d4485ef2',	'2020-05-28 04:45:42.028421',	'2020-05-28 04:45:42.028421',	0,	'system::dictionary_type::find_all',	'system dictionary_type find_all',	NULL),
('3eac0691-6d75-4881-b9c3-5caaa8ddaf5f',	'2020-05-28 04:45:42.074657',	'2020-05-28 04:45:42.074657',	0,	'system::dictionary_type::find_one',	'system dictionary_type find_one',	NULL),
('a37166ba-7b9d-4f33-a5b4-171dc4155595',	'2020-05-28 04:45:42.114383',	'2020-05-28 04:45:42.114383',	0,	'system::dictionary_type::find_page',	'system dictionary_type find_page',	NULL),
('8ec80fd0-4083-4371-9c2b-e43e4661100e',	'2020-05-28 04:45:42.169805',	'2020-05-28 04:45:42.169805',	0,	'system::dictionary_type::save',	'system dictionary_type save',	NULL),
('3ec65d5a-0aac-4e7f-a84a-c76bf1032dbd',	'2020-05-28 04:45:42.233868',	'2020-05-28 04:45:42.233868',	0,	'system::dictionary_type::delete',	'system dictionary_type delete',	NULL),
('62cedbae-2c05-4c1b-89a7-ecb2c993665f',	'2020-05-28 04:45:47.638814',	'2020-05-28 04:45:47.638814',	0,	'system::message::find_all',	'system message find_all',	NULL),
('7a011798-c060-4113-a7f3-244e91922859',	'2020-05-28 04:45:47.669259',	'2020-05-28 04:45:47.669259',	0,	'system::message::find_one',	'system message find_one',	NULL),
('3d87427d-5945-4e39-8f4c-935238844504',	'2020-05-28 04:45:47.702341',	'2020-05-28 04:45:47.702341',	0,	'system::message::find_page',	'system message find_page',	NULL),
('d76681a3-2fb8-4c82-ad8e-9a615a05389f',	'2020-05-28 04:45:47.73638',	'2020-05-28 04:45:47.73638',	0,	'system::message::save',	'system message save',	NULL),
('d3b780e4-4c3d-4017-af22-e66bb5e486b1',	'2020-05-28 04:45:47.768813',	'2020-05-28 04:45:47.768813',	0,	'system::message::delete',	'system message delete',	NULL),
('3ef85078-f911-4d2d-b492-0936c45ea7f3',	'2020-05-28 04:45:53.718004',	'2020-05-28 04:45:53.718004',	0,	'system::region::find_all_by_parent',	'system region find_all_by_parent',	NULL),
('d4bb0422-66f6-48e5-9ffa-d79bdc727ad5',	'2020-05-28 04:45:53.788267',	'2020-05-28 04:45:53.788267',	0,	'system::region::find_all_exclude_self_and_its_children_by_parent',	'system region find_all_exclude_self_and_its_children_by_parent',	NULL),
('dafd8063-34b8-44c3-bb8d-0709084ff2e1',	'2020-05-28 04:45:53.863404',	'2020-05-28 04:45:53.863404',	0,	'system::region::find_all_exclude_self_and_its_children',	'system region find_all_exclude_self_and_its_children',	NULL),
('c376cb74-32c2-4d76-aaad-07604bfbd9ee',	'2020-05-28 04:45:53.915715',	'2020-05-28 04:45:53.915715',	0,	'system::region::find_all',	'system region find_all',	NULL),
('e8b5af63-4ea3-40c2-95d5-18b3566c8437',	'2020-05-28 04:45:53.967183',	'2020-05-28 04:45:53.967183',	0,	'system::region::find_one',	'system region find_one',	NULL),
('92677a01-bcfa-4f67-a720-28f78247d2df',	'2020-05-28 04:45:54.000199',	'2020-05-28 04:45:54.000199',	0,	'system::region::find_page',	'system region find_page',	NULL),
('d80c46dc-1ed0-44b8-a6fc-b7c8cb857420',	'2020-05-28 04:45:54.031771',	'2020-05-28 04:45:54.031771',	0,	'system::region::save',	'system region save',	NULL),
('992a29b7-5c22-41c3-9691-4c5c836bcf3d',	'2020-05-28 04:45:54.066195',	'2020-05-28 04:45:54.066195',	0,	'system::region::delete',	'system region delete',	NULL),
('19faa272-1f40-4691-ae25-40123a8b0f9d',	'2020-05-28 04:51:41.422762',	'2020-05-28 04:51:41.422762',	0,	'basedata::department::find_all_by_parent',	'basedata department find_all_by_parent',	NULL),
('8cc19199-cc1e-4338-a0b3-82a57a8e688c',	'2020-05-28 04:51:41.461865',	'2020-05-28 04:51:41.461865',	0,	'basedata::department::find_all_exclude_self_and_its_children_by_parent',	'basedata department find_all_exclude_self_and_its_children_by_parent',	NULL),
('9f2d39b1-de65-421c-9c55-3e3dba58c0e8',	'2020-05-28 04:51:41.491853',	'2020-05-28 04:51:41.491853',	0,	'basedata::department::find_all_exclude_self_and_its_children',	'basedata department find_all_exclude_self_and_its_children',	NULL),
('ed3d66cd-75aa-46e3-8987-8eea4cad9898',	'2020-05-28 04:51:41.520782',	'2020-05-28 04:51:41.520782',	0,	'basedata::department::find_all',	'basedata department find_all',	NULL),
('28494dd5-7673-4eef-846b-56b9a370ede3',	'2020-05-28 04:51:41.549766',	'2020-05-28 04:51:41.549766',	0,	'basedata::department::find_one',	'basedata department find_one',	NULL),
('a9479be3-054f-4ba9-8f3a-803d402e0303',	'2020-05-28 04:51:41.578763',	'2020-05-28 04:51:41.578763',	0,	'basedata::department::find_page',	'basedata department find_page',	NULL),
('bd973898-7272-45b9-989e-999858c78dce',	'2020-05-28 04:51:41.612291',	'2020-05-28 04:51:41.612291',	0,	'basedata::department::save',	'basedata department save',	NULL),
('0c35a130-8671-4276-93b3-092c0250c915',	'2020-05-28 04:51:41.640492',	'2020-05-28 04:51:41.640492',	0,	'basedata::department::delete',	'basedata department delete',	NULL),
('d18e184d-be3a-4d3e-afd9-fa1d144b116b',	'2020-05-28 04:51:48.13221',	'2020-05-28 04:51:48.13221',	0,	'basedata::organization::find_all_by_parent',	'basedata organization find_all_by_parent',	NULL),
('c15c8128-dcb0-4124-b52f-3e23a223cdc1',	'2020-05-28 04:51:48.219734',	'2020-05-28 04:51:48.219734',	0,	'basedata::organization::find_all_exclude_self_and_its_children_by_parent',	'basedata organization find_all_exclude_self_and_its_children_by_parent',	NULL),
('1c9688db-f9ba-469b-84c8-a999cce53ba8',	'2020-05-28 04:51:48.256704',	'2020-05-28 04:51:48.256704',	0,	'basedata::organization::find_all_exclude_self_and_its_children',	'basedata organization find_all_exclude_self_and_its_children',	NULL),
('f01e614d-91a0-455b-8950-0c6a3befba62',	'2020-05-28 04:51:48.28981',	'2020-05-28 04:51:48.28981',	0,	'basedata::organization::find_all',	'basedata organization find_all',	NULL),
('661457e5-003e-4cc2-81f5-7b8dbf389a42',	'2020-05-28 04:51:48.319783',	'2020-05-28 04:51:48.319783',	0,	'basedata::organization::find_one',	'basedata organization find_one',	NULL),
('494b2422-101a-462b-8222-f9c44853e9f5',	'2020-05-28 04:51:48.363295',	'2020-05-28 04:51:48.363295',	0,	'basedata::organization::find_page',	'basedata organization find_page',	NULL),
('023db199-18a6-4cea-81f2-4d0ed00cb55c',	'2020-05-28 04:51:48.415301',	'2020-05-28 04:51:48.415301',	0,	'basedata::organization::save',	'basedata organization save',	NULL),
('af29c8db-22c7-442d-b086-dec1eff9f020',	'2020-05-28 04:51:48.455356',	'2020-05-28 04:51:48.455356',	0,	'basedata::organization::delete',	'basedata organization delete',	NULL),
('f576e183-909e-46f3-a692-d58ccb6b26f2',	'2020-05-28 04:51:51.718915',	'2020-05-28 04:51:51.718915',	0,	'basedata::post::find_all_by_parent',	'basedata post find_all_by_parent',	NULL),
('0c83f280-1cb6-42f4-92d5-e180a6f6d2ec',	'2020-05-28 04:51:51.737894',	'2020-05-28 04:51:51.737894',	0,	'basedata::post::find_all_exclude_self_and_its_children_by_parent',	'basedata post find_all_exclude_self_and_its_children_by_parent',	NULL),
('ea813f3f-ccdf-4ad4-8519-a5a4b344eb41',	'2020-05-28 04:51:51.75637',	'2020-05-28 04:51:51.75637',	0,	'basedata::post::find_all_exclude_self_and_its_children',	'basedata post find_all_exclude_self_and_its_children',	NULL),
('3a5bc1df-b88d-4eea-8848-9704596e5655',	'2020-05-28 04:51:51.776775',	'2020-05-28 04:51:51.776775',	0,	'basedata::post::find_all',	'basedata post find_all',	NULL),
('a518a83a-1a76-42f4-9d91-844962eec440',	'2020-05-28 04:51:51.797452',	'2020-05-28 04:51:51.797452',	0,	'basedata::post::find_one',	'basedata post find_one',	NULL),
('d02f5064-c614-4201-99ed-9b895b25b863',	'2020-05-28 04:51:51.818901',	'2020-05-28 04:51:51.818901',	0,	'basedata::post::find_page',	'basedata post find_page',	NULL),
('25768f90-95ab-46f0-b3e5-564f3a0f1933',	'2020-05-28 04:51:51.8463',	'2020-05-28 04:51:51.8463',	0,	'basedata::post::save',	'basedata post save',	NULL),
('1246634b-921d-4048-aa1a-156f204dd9ca',	'2020-05-28 04:51:51.869975',	'2020-05-28 04:51:51.869975',	0,	'basedata::post::delete',	'basedata post delete',	NULL),
('79e3c0e9-3d13-4224-be5f-e78fd41339e6',	'2020-05-28 04:51:54.535909',	'2020-05-28 04:51:54.535909',	0,	'basedata::user_profile::find_all',	'basedata user_profile find_all',	NULL),
('9e7a7ab3-3cf4-4c2f-a0a0-56532f8fed60',	'2020-05-28 04:51:54.564364',	'2020-05-28 04:51:54.564364',	0,	'basedata::user_profile::find_one',	'basedata user_profile find_one',	NULL),
('b0ed6ad1-26da-4e56-9ea9-ce8b77830009',	'2020-05-28 04:51:54.587774',	'2020-05-28 04:51:54.587774',	0,	'basedata::user_profile::find_page',	'basedata user_profile find_page',	NULL),
('81f53d62-874b-44d1-8d38-44e54139faa1',	'2020-05-28 04:51:54.619493',	'2020-05-28 04:51:54.619493',	0,	'basedata::user_profile::save',	'basedata user_profile save',	NULL),
('b33a95b4-7ec0-469a-9eff-2c1407b7ed34',	'2020-05-28 04:51:54.647453',	'2020-05-28 04:51:54.647453',	0,	'basedata::user_profile::delete',	'basedata user_profile delete',	NULL);

INSERT INTO "t_batch" ("id", "created_at", "updated_at", "version", "warranty", "purchase_quantity", "purchased_at", "usage_amount", "product_id", "created_by", "updated_by", "belongs_to", "controlled_by") VALUES
('6717f54e-3255-434b-896a-600766e1f83a',	'2020-05-28 05:14:06.787073',	'2020-05-28 05:14:06.787073',	0,	0,	6,	'2020-05-28 05:14:01',	0,	'3f0ac644-5d35-46c6-8812-d724885c62af',	NULL,	NULL,	NULL,	NULL);


INSERT INTO "t_client" ("id", "created_at", "updated_at", "version", "code", "grant_types", "name", "secret", "validity_seconds") VALUES
('28254fb1-f38a-4d0a-b0c8-2cea8464c6a5',	'2020-05-28 04:34:01.255699',	'2020-05-28 04:34:01.255699',	0,	'admin',	'password',	'admin',	'$2a$10$Fya19guoEj6RAyYqWsJeBOut/sysTrz.o.fopTNXehAxM5Wdk27la',	28800);

INSERT INTO "t_department" ("id", "created_at", "updated_at", "version", "depth", "leaf", "parent_ids", "name", "parent_id", "organization_id", "created_by", "updated_by", "belongs_to", "controlled_by") VALUES
('f760f5e8-bf7a-4891-8580-422f5d698b35',	'2020-05-28 10:39:14.810977',	'2020-05-28 10:39:14.810977',	0,	1,	'1',	'',	'默认部门',	NULL,	'77e8cea3-64a5-4760-ae0a-e9cd44141449',	'574f8db5-effa-40a9-9cb0-e292fdd13cd9',	'574f8db5-effa-40a9-9cb0-e292fdd13cd9',	NULL,	NULL);


INSERT INTO "t_dictionary_item" ("id", "created_at", "updated_at", "version", "depth", "leaf", "parent_ids", "code", "name", "remark", "sequence", "parent_id", "type_id") VALUES
('968502cc-8ae2-451b-9375-51489947e3d4',	'2020-05-28 05:04:57.699227',	'2020-05-28 05:04:57.699227',	0,	1,	'1',	'',	'001',	'人脸识别一体机',	NULL,	0,	NULL,	'2c7aec00-c8b3-4aba-a25d-cd91c6619c87'),
('293542ca-ddf8-4f71-a599-1f77fff19aef',	'2020-05-28 05:05:11.184056',	'2020-05-28 05:05:11.184056',	0,	1,	'1',	'',	'002',	'人脸识别测温一体机',	NULL,	0,	NULL,	'2c7aec00-c8b3-4aba-a25d-cd91c6619c87'),
('268fe466-235d-40bf-aa28-e5f45e74fe89',	'2020-05-28 05:05:24.137621',	'2020-05-28 05:05:24.137621',	0,	1,	'1',	'',	'003',	'车辆收费一体机',	NULL,	0,	NULL,	'2c7aec00-c8b3-4aba-a25d-cd91c6619c87'),
('8a856b6f-ea66-4ea9-baa8-de981e3efe3b',	'2019-11-10 15:56:45.81219',	'2019-11-10 15:56:45.820697',	1,	2,	'1',	'80b25c91-1a97-435b-8261-ceab3e283755',	'9',	'其他',	NULL,	0,	'80b25c91-1a97-435b-8261-ceab3e283755',	'e1b0ad69-3f75-426b-beb3-e16680ec0247'),
('f56a76c4-3557-436a-b760-95dee91697aa',	'2019-11-10 15:57:02.4426',	'2019-11-10 15:57:02.451642',	1,	2,	'1',	'29d3c68a-1fb9-4cf9-a09f-289574a88100',	'1',	'外国在华文化中心',	NULL,	0,	'29d3c68a-1fb9-4cf9-a09f-289574a88100',	'e1b0ad69-3f75-426b-beb3-e16680ec0247'),
('5ebf9501-5088-42a6-a37f-f9f5eb996677',	'2019-11-10 15:57:21.328898',	'2019-11-10 15:57:21.336856',	1,	2,	'1',	'29d3c68a-1fb9-4cf9-a09f-289574a88100',	'9',	'其他',	NULL,	0,	'29d3c68a-1fb9-4cf9-a09f-289574a88100',	'e1b0ad69-3f75-426b-beb3-e16680ec0247'),
('387e579c-e9db-4be6-a494-bbb664377607',	'2019-11-10 15:57:35.659037',	'2019-11-10 15:57:35.668125',	1,	2,	'1',	'b7478b80-b5a2-4a4f-b89f-f9d6a58bdc8f',	'1',	'社会团体',	NULL,	0,	'b7478b80-b5a2-4a4f-b89f-f9d6a58bdc8f',	'e1b0ad69-3f75-426b-beb3-e16680ec0247'),
('d80091bd-52cc-4bc5-a82a-7c8b4a650e68',	'2019-11-10 15:57:49.551386',	'2019-11-10 15:57:49.562281',	1,	2,	'1',	'b7478b80-b5a2-4a4f-b89f-f9d6a58bdc8f',	'2',	'民办非企业单位',	NULL,	0,	'b7478b80-b5a2-4a4f-b89f-f9d6a58bdc8f',	'e1b0ad69-3f75-426b-beb3-e16680ec0247'),
('ed69605b-a2ce-4470-8132-deffe1b5a8b6',	'2019-11-10 15:58:05.723253',	'2019-11-10 15:58:05.730827',	1,	2,	'1',	'b7478b80-b5a2-4a4f-b89f-f9d6a58bdc8f',	'3',	'基金会',	NULL,	0,	'b7478b80-b5a2-4a4f-b89f-f9d6a58bdc8f',	'e1b0ad69-3f75-426b-beb3-e16680ec0247'),
('bf6d45cf-1fb0-451c-8a6c-6192a2b7e314',	'2019-11-10 15:58:26.343301',	'2019-11-10 15:58:26.352083',	1,	2,	'1',	'b7478b80-b5a2-4a4f-b89f-f9d6a58bdc8f',	'9',	'其他',	NULL,	0,	'b7478b80-b5a2-4a4f-b89f-f9d6a58bdc8f',	'e1b0ad69-3f75-426b-beb3-e16680ec0247'),
('b33eb1ef-2699-4119-ab3b-c3c23aa2c4a5',	'2019-11-10 15:58:42.735521',	'2019-11-10 15:58:42.747973',	1,	2,	'1',	'58430b98-b4d0-4bfb-a539-76e7c2ff2073',	'1',	'外国旅游部门常驻代表机构',	NULL,	0,	'58430b98-b4d0-4bfb-a539-76e7c2ff2073',	'e1b0ad69-3f75-426b-beb3-e16680ec0247'),
('a9527046-4eec-4df8-9a44-1d10275ce3fe',	'2019-11-10 15:59:15.709072',	'2019-11-10 15:59:15.716264',	1,	2,	'1',	'58430b98-b4d0-4bfb-a539-76e7c2ff2073',	'2',	'港澳台地区旅游部门常驻内地（大陆）代表机构',	NULL,	0,	'58430b98-b4d0-4bfb-a539-76e7c2ff2073',	'e1b0ad69-3f75-426b-beb3-e16680ec0247'),
('744977ae-bdb7-4bff-a66e-cc30e52b6103',	'2019-11-10 15:59:29.587142',	'2019-11-10 15:59:29.594329',	1,	2,	'1',	'58430b98-b4d0-4bfb-a539-76e7c2ff2073',	'9',	'其他',	NULL,	0,	'58430b98-b4d0-4bfb-a539-76e7c2ff2073',	'e1b0ad69-3f75-426b-beb3-e16680ec0247'),
('9a18da2a-472a-4716-931e-af4b9bcbeef8',	'2019-11-10 15:59:58.327554',	'2019-11-10 15:59:58.342082',	1,	2,	'1',	'51e6af5c-0200-447e-8549-cf0c126a7185',	'1',	'宗教活动场所',	NULL,	0,	'51e6af5c-0200-447e-8549-cf0c126a7185',	'e1b0ad69-3f75-426b-beb3-e16680ec0247'),
('7b877a7e-943c-404c-a67a-46401da6ddaf',	'2019-11-10 16:00:12.567529',	'2019-11-10 16:00:12.575213',	1,	2,	'1',	'51e6af5c-0200-447e-8549-cf0c126a7185',	'2',	'宗教院校',	NULL,	0,	'51e6af5c-0200-447e-8549-cf0c126a7185',	'e1b0ad69-3f75-426b-beb3-e16680ec0247'),
('8c0a1cfb-9ea2-496b-8e65-a73d6d495e7b',	'2019-11-10 16:00:26.874501',	'2019-11-10 16:00:26.882212',	1,	2,	'1',	'51e6af5c-0200-447e-8549-cf0c126a7185',	'9',	'其他',	NULL,	0,	'51e6af5c-0200-447e-8549-cf0c126a7185',	'e1b0ad69-3f75-426b-beb3-e16680ec0247'),
('15af51c9-5c64-401d-bfff-c5bfd6e785e1',	'2019-11-10 16:00:40.947233',	'2019-11-10 16:00:40.954812',	1,	2,	'1',	'8a7428d9-4f06-4eba-a985-0636c9e108e3',	'1',	'基层工会',	NULL,	0,	'8a7428d9-4f06-4eba-a985-0636c9e108e3',	'e1b0ad69-3f75-426b-beb3-e16680ec0247'),
('4547151d-9821-492d-9517-db2d20ce601a',	'2019-11-10 16:00:56.151948',	'2019-11-10 16:00:56.160026',	1,	2,	'1',	'8a7428d9-4f06-4eba-a985-0636c9e108e3',	'9',	'其他',	NULL,	0,	'8a7428d9-4f06-4eba-a985-0636c9e108e3',	'e1b0ad69-3f75-426b-beb3-e16680ec0247'),
('98fdc3e6-567c-48b6-9c82-ffe7f20b6717',	'2019-11-10 16:01:09.804356',	'2019-11-10 16:01:09.811421',	1,	2,	'1',	'aee29931-dbf4-44a8-a95f-52503eb0d934',	'1',	'企业',	NULL,	0,	'aee29931-dbf4-44a8-a95f-52503eb0d934',	'e1b0ad69-3f75-426b-beb3-e16680ec0247'),
('c8baf4d3-918b-4f4f-b7ea-0a9a1c480ea6',	'2019-11-10 16:01:23.097799',	'2019-11-10 16:01:23.10717',	1,	2,	'1',	'aee29931-dbf4-44a8-a95f-52503eb0d934',	'2',	'个体工商户',	NULL,	0,	'aee29931-dbf4-44a8-a95f-52503eb0d934',	'e1b0ad69-3f75-426b-beb3-e16680ec0247'),
('03391c04-7860-4a5b-a1f2-468e99c3824d',	'2019-11-10 16:01:48.25161',	'2019-11-10 16:01:48.260069',	1,	2,	'1',	'aee29931-dbf4-44a8-a95f-52503eb0d934',	'3',	'农民专业合作社',	NULL,	0,	'aee29931-dbf4-44a8-a95f-52503eb0d934',	'e1b0ad69-3f75-426b-beb3-e16680ec0247'),
('2f3da98c-efbf-4425-86f3-e17ab61ddfd1',	'2019-11-10 15:53:31.625691',	'2019-11-10 15:53:31.652482',	1,	2,	'1',	'e724287e-8649-4eae-a8de-5778085c333c',	'1',	'机关',	NULL,	0,	'e724287e-8649-4eae-a8de-5778085c333c',	'e1b0ad69-3f75-426b-beb3-e16680ec0247'),
('396b3ab2-c5d3-4a76-b7a9-7cc415417055',	'2019-11-10 15:53:45.245862',	'2019-11-10 15:53:45.25856',	1,	2,	'1',	'e724287e-8649-4eae-a8de-5778085c333c',	'2',	'事业单位',	NULL,	0,	'e724287e-8649-4eae-a8de-5778085c333c',	'e1b0ad69-3f75-426b-beb3-e16680ec0247'),
('ef895e6b-e79e-4eef-bcf2-c495bc1a0b02',	'2019-11-10 15:54:21.646433',	'2019-11-10 15:54:21.65712',	1,	2,	'1',	'e724287e-8649-4eae-a8de-5778085c333c',	'3',	'编办直接管理机构编制的群众团体',	NULL,	0,	'e724287e-8649-4eae-a8de-5778085c333c',	'e1b0ad69-3f75-426b-beb3-e16680ec0247'),
('56409d79-cbb1-4fce-aaee-b72508a58f1f',	'2019-11-10 15:54:38.881574',	'2019-11-10 15:54:38.892261',	1,	2,	'1',	'e724287e-8649-4eae-a8de-5778085c333c',	'9',	'其他',	NULL,	0,	'e724287e-8649-4eae-a8de-5778085c333c',	'e1b0ad69-3f75-426b-beb3-e16680ec0247'),
('c637860b-cedb-4a96-af33-93286fc2014a',	'2019-11-10 15:54:59.698998',	'2019-11-10 15:54:59.708568',	1,	2,	'1',	'971a7c4c-ac97-4f64-b987-f5268ad38a7d',	'1',	'外国常驻新闻机构',	NULL,	0,	'971a7c4c-ac97-4f64-b987-f5268ad38a7d',	'e1b0ad69-3f75-426b-beb3-e16680ec0247'),
('c538f3d4-7785-4673-b17a-a4d2a190285a',	'2019-11-10 15:55:14.567224',	'2019-11-10 15:55:14.575778',	1,	2,	'1',	'971a7c4c-ac97-4f64-b987-f5268ad38a7d',	'9',	'其他',	NULL,	0,	'971a7c4c-ac97-4f64-b987-f5268ad38a7d',	'e1b0ad69-3f75-426b-beb3-e16680ec0247'),
('f7215433-cfc3-4094-b337-c3329c696971',	'2019-11-10 15:55:32.121943',	'2019-11-10 15:55:32.135107',	1,	2,	'1',	'80b25c91-1a97-435b-8261-ceab3e283755',	'1',	'律师执业机构',	NULL,	0,	'80b25c91-1a97-435b-8261-ceab3e283755',	'e1b0ad69-3f75-426b-beb3-e16680ec0247'),
('32e91b69-5ec1-412c-ac46-fe2aef3f5100',	'2019-11-10 15:55:44.774958',	'2019-11-10 15:55:44.78169',	1,	2,	'1',	'80b25c91-1a97-435b-8261-ceab3e283755',	'2',	'公证处',	NULL,	0,	'80b25c91-1a97-435b-8261-ceab3e283755',	'e1b0ad69-3f75-426b-beb3-e16680ec0247'),
('2c264e87-f559-45b6-8d91-17b3e5dd8d2d',	'2019-11-10 15:55:58.307848',	'2019-11-10 15:55:58.31514',	1,	2,	'1',	'80b25c91-1a97-435b-8261-ceab3e283755',	'3',	'基层法律服务所',	NULL,	0,	'80b25c91-1a97-435b-8261-ceab3e283755',	'e1b0ad69-3f75-426b-beb3-e16680ec0247'),
('7b38cc12-8aa9-4dd9-a974-41e9f9ae5f43',	'2019-11-10 15:56:15.290699',	'2019-11-10 15:56:15.305051',	1,	2,	'1',	'80b25c91-1a97-435b-8261-ceab3e283755',	'4',	'司法鉴定机构',	NULL,	0,	'80b25c91-1a97-435b-8261-ceab3e283755',	'e1b0ad69-3f75-426b-beb3-e16680ec0247'),
('efefae8a-05e9-4496-af6c-7fba2a1f2de0',	'2019-11-10 15:56:29.812421',	'2019-11-10 15:56:29.821214',	1,	2,	'1',	'80b25c91-1a97-435b-8261-ceab3e283755',	'5',	'仲裁委员会',	NULL,	0,	'80b25c91-1a97-435b-8261-ceab3e283755',	'e1b0ad69-3f75-426b-beb3-e16680ec0247'),
('1a7db3cf-ef17-4ac2-98ca-05a30885c3b4',	'2019-11-10 16:02:07.893487',	'2019-11-10 16:02:07.901344',	1,	2,	'1',	'fadaee02-1d1e-4fb9-b40d-1f2d7beeeeb1',	'1',	'军队事业单位',	NULL,	0,	'fadaee02-1d1e-4fb9-b40d-1f2d7beeeeb1',	'e1b0ad69-3f75-426b-beb3-e16680ec0247'),
('3bdd6930-4cee-49b8-9524-35240dd639f3',	'2019-11-10 16:02:56.109237',	'2019-11-10 16:02:56.120424',	1,	2,	'1',	'fadaee02-1d1e-4fb9-b40d-1f2d7beeeeb1',	'9',	'其他',	NULL,	0,	'fadaee02-1d1e-4fb9-b40d-1f2d7beeeeb1',	'e1b0ad69-3f75-426b-beb3-e16680ec0247'),
('0ad87e51-9b93-437a-8be2-c8f7096a87f6',	'2019-11-10 16:03:13.326298',	'2019-11-10 16:03:13.338533',	1,	2,	'1',	'f498897c-f9b3-49bd-9068-ff2e485652ee',	'1',	'组级集体经济组织',	NULL,	0,	'f498897c-f9b3-49bd-9068-ff2e485652ee',	'e1b0ad69-3f75-426b-beb3-e16680ec0247'),
('bb5f4605-e2da-41eb-8193-fad2b76ec2d1',	'2019-07-26 09:24:59.954743',	'2019-07-26 09:24:59.954743',	1,	1,	'1',	'',	'01',	'汉族',	NULL,	0,	NULL,	'63851828-fdfe-4a87-8404-2147a195e155'),
('30b90c36-3170-49f7-a9d7-985c01aa9261',	'2019-07-26 09:25:00.633357',	'2019-07-26 09:25:00.633357',	1,	1,	'1',	'',	'02',	'蒙古族',	NULL,	0,	NULL,	'63851828-fdfe-4a87-8404-2147a195e155'),
('e9ce330b-1e44-4801-9adf-d616a8ab3508',	'2019-07-26 09:25:01.311966',	'2019-07-26 09:25:01.311966',	1,	1,	'1',	'',	'03',	'回族',	NULL,	0,	NULL,	'63851828-fdfe-4a87-8404-2147a195e155'),
('14b7d52b-54d6-4e3a-a7e9-a3153161486e',	'2019-07-26 09:25:01.743722',	'2019-07-26 09:25:01.743722',	1,	1,	'1',	'',	'04',	'藏族',	NULL,	0,	NULL,	'63851828-fdfe-4a87-8404-2147a195e155'),
('e22b1679-67bd-45e9-a237-50e3a6f55c23',	'2019-07-26 09:25:02.180468',	'2019-07-26 09:25:02.180468',	1,	1,	'1',	'',	'05',	'维吾尔族',	NULL,	0,	NULL,	'63851828-fdfe-4a87-8404-2147a195e155'),
('a11375a6-82be-40f7-9bf7-486a5aef2939',	'2019-07-26 09:25:02.623217',	'2019-07-26 09:25:02.623217',	1,	1,	'1',	'',	'06',	'苗族',	NULL,	0,	NULL,	'63851828-fdfe-4a87-8404-2147a195e155'),
('c1c39956-3954-4abc-938d-cf5ec21b3c79',	'2019-07-26 09:25:03.057966',	'2019-07-26 09:25:03.057966',	1,	1,	'1',	'',	'07',	'彝族',	NULL,	0,	NULL,	'63851828-fdfe-4a87-8404-2147a195e155'),
('89b2c9dd-3507-4eee-972b-02487696ff9f',	'2019-07-26 09:25:03.50671',	'2019-07-26 09:25:03.50671',	1,	1,	'1',	'',	'08',	'壮族',	NULL,	0,	NULL,	'63851828-fdfe-4a87-8404-2147a195e155'),
('ff3019cc-f511-42cb-9eaf-0073fe192c5b',	'2019-07-26 09:25:03.984435',	'2019-07-26 09:25:03.984435',	1,	1,	'1',	'',	'09',	'布依族',	NULL,	0,	NULL,	'63851828-fdfe-4a87-8404-2147a195e155'),
('78fb83c8-9606-4de8-a8f4-7118029e2b94',	'2019-07-26 09:25:04.430181',	'2019-07-26 09:25:04.430181',	1,	1,	'1',	'',	'10',	'朝鲜族',	NULL,	0,	NULL,	'63851828-fdfe-4a87-8404-2147a195e155'),
('6f470b92-ba49-4fbb-83bd-29539a4e1ab9',	'2019-07-26 09:25:04.919899',	'2019-07-26 09:25:04.919899',	1,	1,	'1',	'',	'11',	'满族',	NULL,	0,	NULL,	'63851828-fdfe-4a87-8404-2147a195e155'),
('f711a215-f006-4e0d-8626-3b0668833260',	'2019-07-26 09:25:05.366643',	'2019-07-26 09:25:05.366643',	1,	1,	'1',	'',	'12',	'侗族',	NULL,	0,	NULL,	'63851828-fdfe-4a87-8404-2147a195e155'),
('3f5316d6-f35e-415d-9066-e4fbf3a7868b',	'2019-07-26 09:25:05.808392',	'2019-07-26 09:25:05.808392',	1,	1,	'1',	'',	'13',	'瑶族',	NULL,	0,	NULL,	'63851828-fdfe-4a87-8404-2147a195e155'),
('58ad65d8-7c05-4745-bbfc-42f7bd506594',	'2019-07-26 09:25:06.247139',	'2019-07-26 09:25:06.247139',	1,	1,	'1',	'',	'14',	'白族',	NULL,	0,	NULL,	'63851828-fdfe-4a87-8404-2147a195e155'),
('4df163ee-e171-4eb5-9e7d-c88fed454db6',	'2019-07-26 09:25:06.766841',	'2019-07-26 09:25:06.766841',	1,	1,	'1',	'',	'15',	'土家族',	NULL,	0,	NULL,	'63851828-fdfe-4a87-8404-2147a195e155'),
('ed0cf8d2-fa57-4eaa-86eb-5dcab6f65262',	'2019-07-26 09:25:07.204593',	'2019-07-26 09:25:07.204593',	1,	1,	'1',	'',	'16',	'哈尼族',	NULL,	0,	NULL,	'63851828-fdfe-4a87-8404-2147a195e155'),
('b76a7b1e-0f5d-4df6-93a1-944f9a762841',	'2019-07-26 09:25:07.647339',	'2019-07-26 09:25:07.647339',	1,	1,	'1',	'',	'17',	'哈萨克族',	NULL,	0,	NULL,	'63851828-fdfe-4a87-8404-2147a195e155'),
('7c7beaf3-05e7-4346-a33d-bf996125be76',	'2019-07-26 09:25:08.088086',	'2019-07-26 09:25:08.088086',	1,	1,	'1',	'',	'18',	'傣族',	NULL,	0,	NULL,	'63851828-fdfe-4a87-8404-2147a195e155'),
('1bca7982-0b1d-4b61-862e-330b7f52db97',	'2019-07-26 09:25:08.513842',	'2019-07-26 09:25:08.513842',	1,	1,	'1',	'',	'19',	'黎族',	NULL,	0,	NULL,	'63851828-fdfe-4a87-8404-2147a195e155'),
('9181dc51-6b65-4f34-826e-aea32e0385e6',	'2019-07-26 09:25:08.96958',	'2019-07-26 09:25:08.96958',	1,	1,	'1',	'',	'20',	'傈僳族',	NULL,	0,	NULL,	'63851828-fdfe-4a87-8404-2147a195e155'),
('f40fd4ad-7fd2-4061-b2c2-e24a6bcca354',	'2019-07-26 09:25:09.399334',	'2019-07-26 09:25:09.399334',	1,	1,	'1',	'',	'21',	'佤族',	NULL,	0,	NULL,	'63851828-fdfe-4a87-8404-2147a195e155'),
('cf8831fa-3981-469f-8d17-1f2e730bfa12',	'2019-07-26 09:25:09.841081',	'2019-07-26 09:25:09.841081',	1,	1,	'1',	'',	'22',	'畲族',	NULL,	0,	NULL,	'63851828-fdfe-4a87-8404-2147a195e155'),
('c5eb2290-501a-4e22-be58-bc5e25529c4d',	'2019-07-26 09:25:10.273833',	'2019-07-26 09:25:10.273833',	1,	1,	'1',	'',	'23',	'高山族',	NULL,	0,	NULL,	'63851828-fdfe-4a87-8404-2147a195e155'),
('0cd23ab7-a4f8-411b-b865-a5c0f7083024',	'2019-07-26 09:25:10.726573',	'2019-07-26 09:25:10.726573',	1,	1,	'1',	'',	'24',	'拉祜族',	NULL,	0,	NULL,	'63851828-fdfe-4a87-8404-2147a195e155'),
('e82575b8-f0c8-4d12-9989-1d9f91f42bdf',	'2019-07-26 09:25:11.181317',	'2019-07-26 09:25:11.181317',	1,	1,	'1',	'',	'25',	'水族',	NULL,	0,	NULL,	'63851828-fdfe-4a87-8404-2147a195e155'),
('eb58f5de-f075-4308-ab05-96c7ab79bc11',	'2019-11-10 16:03:29.177241',	'2019-11-10 16:03:29.18427',	1,	2,	'1',	'f498897c-f9b3-49bd-9068-ff2e485652ee',	'2',	'村级集体经济组织',	NULL,	0,	'f498897c-f9b3-49bd-9068-ff2e485652ee',	'e1b0ad69-3f75-426b-beb3-e16680ec0247'),
('fe01aa87-6b7a-49f1-8f64-5b4d0315ee17',	'2019-11-10 16:03:45.006518',	'2019-11-10 16:03:45.014964',	1,	2,	'1',	'f498897c-f9b3-49bd-9068-ff2e485652ee',	'3',	'乡镇级集体经济组织',	NULL,	0,	'f498897c-f9b3-49bd-9068-ff2e485652ee',	'e1b0ad69-3f75-426b-beb3-e16680ec0247'),
('539c42e5-c76a-46e2-ab7d-ca03706b475b',	'2019-11-10 16:04:00.550811',	'2019-11-10 16:04:00.558654',	1,	2,	'1',	'f498897c-f9b3-49bd-9068-ff2e485652ee',	'9',	'其他',	NULL,	0,	'f498897c-f9b3-49bd-9068-ff2e485652ee',	'e1b0ad69-3f75-426b-beb3-e16680ec0247'),
('112d214c-e9ff-40af-9515-c03b6a6735f7',	'2019-07-26 09:25:11.614067',	'2019-07-26 09:25:11.614067',	1,	1,	'1',	'',	'26',	'东乡族',	NULL,	0,	NULL,	'63851828-fdfe-4a87-8404-2147a195e155'),
('f498897c-f9b3-49bd-9068-ff2e485652ee',	'2019-09-04 03:24:00.427731',	'2019-11-10 16:03:13.338737',	2,	1,	'0',	'',	'N',	'农业',	NULL,	11,	NULL,	'e1b0ad69-3f75-426b-beb3-e16680ec0247'),
('afb29f7b-5b46-4420-8f7c-253825c3f350',	'2019-07-26 09:25:12.047904',	'2019-07-26 09:25:12.047904',	1,	1,	'1',	'',	'27',	'纳西族',	NULL,	0,	NULL,	'63851828-fdfe-4a87-8404-2147a195e155'),
('cf29d230-8c1c-453f-aebd-b5b156dcacc2',	'2019-07-26 09:25:12.475603',	'2019-07-26 09:25:12.475603',	1,	1,	'1',	'',	'28',	'景颇族',	NULL,	0,	NULL,	'63851828-fdfe-4a87-8404-2147a195e155'),
('29af601f-bc49-493a-93f1-57b1e978770d',	'2019-07-26 09:25:12.9523',	'2019-07-26 09:25:12.9523',	1,	1,	'1',	'',	'29',	'柯尔克孜族',	NULL,	0,	NULL,	'63851828-fdfe-4a87-8404-2147a195e155'),
('f4e92f70-27e6-4612-b399-6ce6134f77e1',	'2019-07-26 09:25:13.377058',	'2019-07-26 09:25:13.377058',	1,	1,	'1',	'',	'30',	'土族',	NULL,	0,	NULL,	'63851828-fdfe-4a87-8404-2147a195e155'),
('4600a97e-217c-4e3d-a4e5-5c623343331c',	'2019-07-26 09:25:13.801812',	'2019-07-26 09:25:13.801812',	1,	1,	'1',	'',	'31',	'达斡尔族',	NULL,	0,	NULL,	'63851828-fdfe-4a87-8404-2147a195e155'),
('93d6a87b-eca2-4a6c-a0c8-4c2bcf6d1a71',	'2019-07-26 09:25:14.223572',	'2019-07-26 09:25:14.223572',	1,	1,	'1',	'',	'32',	'仫佬族',	NULL,	0,	NULL,	'63851828-fdfe-4a87-8404-2147a195e155'),
('206869fc-a436-4662-805f-e69d9a0deb2c',	'2019-07-26 09:25:14.671317',	'2019-07-26 09:25:14.671317',	1,	1,	'1',	'',	'33',	'羌族',	NULL,	0,	NULL,	'63851828-fdfe-4a87-8404-2147a195e155'),
('47ff4572-3ecd-449b-9349-13b5bbdff0e5',	'2019-07-26 09:25:15.100069',	'2019-07-26 09:25:15.100069',	1,	1,	'1',	'',	'34',	'布朗族',	NULL,	0,	NULL,	'63851828-fdfe-4a87-8404-2147a195e155'),
('6cddd389-d480-417b-9511-466e9bc06a36',	'2019-07-26 09:25:15.553819',	'2019-07-26 09:25:15.553819',	1,	1,	'1',	'',	'35',	'撒拉族',	NULL,	0,	NULL,	'63851828-fdfe-4a87-8404-2147a195e155'),
('783a68b7-02aa-4a6b-9a43-3d92033d8a01',	'2019-07-26 09:25:15.983563',	'2019-07-26 09:25:15.983563',	1,	1,	'1',	'',	'36',	'毛难族',	NULL,	0,	NULL,	'63851828-fdfe-4a87-8404-2147a195e155'),
('d9a474c9-540f-4d87-9467-97ea22353753',	'2019-07-26 09:25:16.441304',	'2019-07-26 09:25:16.441304',	1,	1,	'1',	'',	'37',	'仡佬族',	NULL,	0,	NULL,	'63851828-fdfe-4a87-8404-2147a195e155'),
('e5e76bdd-bbca-4051-b388-92ff4e6a9c0c',	'2019-07-26 09:25:16.898157',	'2019-07-26 09:25:16.898157',	1,	1,	'1',	'',	'38',	'锡伯族',	NULL,	0,	NULL,	'63851828-fdfe-4a87-8404-2147a195e155'),
('4261ffd4-66bd-4b3f-9912-427d0c3154a4',	'2019-07-26 09:25:17.362776',	'2019-07-26 09:25:17.362776',	1,	1,	'1',	'',	'39',	'阿昌族',	NULL,	0,	NULL,	'63851828-fdfe-4a87-8404-2147a195e155'),
('3fdcd058-10ba-4944-be59-6a5b0ab0138b',	'2019-07-26 09:25:17.829508',	'2019-07-26 09:25:17.829508',	1,	1,	'1',	'',	'40',	'普米族',	NULL,	0,	NULL,	'63851828-fdfe-4a87-8404-2147a195e155'),
('3ea31f7a-a5b0-4c20-a576-9532ee57f15f',	'2019-07-26 09:25:18.268256',	'2019-07-26 09:25:18.268256',	1,	1,	'1',	'',	'41',	'塔吉克族',	NULL,	0,	NULL,	'63851828-fdfe-4a87-8404-2147a195e155'),
('787c592f-8976-4347-b66a-51a4b091448a',	'2019-07-26 09:25:18.698114',	'2019-07-26 09:25:18.698114',	1,	1,	'1',	'',	'42',	'怒族',	NULL,	0,	NULL,	'63851828-fdfe-4a87-8404-2147a195e155'),
('e018c4b4-1a58-46cb-9d85-248cdee6f1f3',	'2019-07-26 09:25:19.147869',	'2019-07-26 09:25:19.147869',	1,	1,	'1',	'',	'43',	'乌孜别克族',	NULL,	0,	NULL,	'63851828-fdfe-4a87-8404-2147a195e155'),
('b5090d7f-2f00-4717-a3f0-c47d7ee32e68',	'2019-07-26 09:25:19.597492',	'2019-07-26 09:25:19.597492',	1,	1,	'1',	'',	'44',	'俄罗斯族',	NULL,	0,	NULL,	'63851828-fdfe-4a87-8404-2147a195e155'),
('b85f7253-91f4-4128-849a-6fe1e6fade79',	'2019-07-26 09:25:20.033246',	'2019-07-26 09:25:20.033246',	1,	1,	'1',	'',	'45',	'鄂温克族',	NULL,	0,	NULL,	'63851828-fdfe-4a87-8404-2147a195e155'),
('eee05b8c-8146-4b34-bb06-7a605d68eff9',	'2019-07-26 09:25:20.491981',	'2019-07-26 09:25:20.491981',	1,	1,	'1',	'',	'46',	'崩龙族',	NULL,	0,	NULL,	'63851828-fdfe-4a87-8404-2147a195e155'),
('341fd7bf-8dcc-42a3-9b4e-51d99ba72c6c',	'2019-07-26 09:25:20.944722',	'2019-07-26 09:25:20.944722',	1,	1,	'1',	'',	'47',	'保安族',	NULL,	0,	NULL,	'63851828-fdfe-4a87-8404-2147a195e155'),
('494b3388-a91e-4e7a-8a3b-357dabb15bb4',	'2019-07-26 09:25:21.375478',	'2019-07-26 09:25:21.375478',	1,	1,	'1',	'',	'48',	'裕固族',	NULL,	0,	NULL,	'63851828-fdfe-4a87-8404-2147a195e155'),
('b462092a-2626-44a8-b5bc-9fd81661e0dd',	'2019-07-26 09:25:21.795236',	'2019-07-26 09:25:21.795236',	1,	1,	'1',	'',	'49',	'京族',	NULL,	0,	NULL,	'63851828-fdfe-4a87-8404-2147a195e155'),
('840c3a3c-676f-460e-81a8-28f90a975678',	'2019-07-26 09:25:22.218992',	'2019-07-26 09:25:22.218992',	1,	1,	'1',	'',	'50',	'塔塔尔族',	NULL,	0,	NULL,	'63851828-fdfe-4a87-8404-2147a195e155'),
('e618f33a-1888-4bba-977d-d3f67dc1c2ab',	'2019-07-26 09:25:22.647766',	'2019-07-26 09:25:22.647766',	1,	1,	'1',	'',	'51',	'独龙族',	NULL,	0,	NULL,	'63851828-fdfe-4a87-8404-2147a195e155'),
('50e416d6-1262-434a-a432-5d56ffafc23a',	'2019-07-26 09:25:23.06551',	'2019-07-26 09:25:23.06551',	1,	1,	'1',	'',	'52',	'鄂伦春族',	NULL,	0,	NULL,	'63851828-fdfe-4a87-8404-2147a195e155'),
('6718e5ca-9de0-4546-93b8-f9095384645f',	'2019-07-26 09:25:23.490266',	'2019-07-26 09:25:23.490266',	1,	1,	'1',	'',	'53',	'赫哲族',	NULL,	0,	NULL,	'63851828-fdfe-4a87-8404-2147a195e155'),
('9ce75b6e-a8c4-4527-982d-833897870e16',	'2019-07-26 09:25:23.928011',	'2019-07-26 09:25:23.928011',	1,	1,	'1',	'',	'54',	'门巴族',	NULL,	0,	NULL,	'63851828-fdfe-4a87-8404-2147a195e155'),
('e5b24afc-b6a5-46d5-a647-5d7109266c7f',	'2019-07-26 09:25:24.373758',	'2019-07-26 09:25:24.373758',	1,	1,	'1',	'',	'55',	'珞巴族',	NULL,	0,	NULL,	'63851828-fdfe-4a87-8404-2147a195e155'),
('8344db79-05da-4137-80d2-deda3f1e1fe4',	'2019-07-26 09:25:24.805582',	'2019-07-26 09:25:24.805582',	1,	1,	'1',	'',	'56',	'基诺族',	NULL,	0,	NULL,	'63851828-fdfe-4a87-8404-2147a195e155'),
('65da0d6d-1a56-4ac9-b433-98072a4f2528',	'2019-07-26 09:25:25.234264',	'2019-07-26 09:25:25.234264',	1,	1,	'1',	'',	'97',	'其他',	NULL,	0,	NULL,	'63851828-fdfe-4a87-8404-2147a195e155'),
('639535bb-3a04-438b-bc16-5dc20ed62ef5',	'2019-07-26 09:25:25.688015',	'2019-07-26 09:25:25.688015',	1,	1,	'1',	'',	'98',	'外国血统',	NULL,	0,	NULL,	'63851828-fdfe-4a87-8404-2147a195e155'),
('92a31bd2-e374-447e-9401-1408ebea4649',	'2019-09-04 03:24:11.930785',	'2019-09-04 03:24:11.930785',	1,	1,	'1',	'',	'Y',	'其他',	NULL,	12,	NULL,	'e1b0ad69-3f75-426b-beb3-e16680ec0247'),
('e724287e-8649-4eae-a8de-5778085c333c',	'2019-09-04 03:19:56.899632',	'2019-11-10 15:53:31.652851',	2,	1,	'0',	'',	'1',	'机构编制',	NULL,	1,	NULL,	'e1b0ad69-3f75-426b-beb3-e16680ec0247'),
('971a7c4c-ac97-4f64-b987-f5268ad38a7d',	'2019-09-04 03:20:19.510051',	'2019-11-10 15:54:59.708964',	2,	1,	'0',	'',	'2',	'外交',	NULL,	2,	NULL,	'e1b0ad69-3f75-426b-beb3-e16680ec0247'),
('29d3c68a-1fb9-4cf9-a09f-289574a88100',	'2019-09-04 03:22:08.814849',	'2019-11-10 15:57:02.451887',	2,	1,	'0',	'',	'4',	'文化',	NULL,	4,	NULL,	'e1b0ad69-3f75-426b-beb3-e16680ec0247'),
('b7478b80-b5a2-4a4f-b89f-f9d6a58bdc8f',	'2019-09-04 03:22:26.443286',	'2019-11-10 15:57:35.668442',	2,	1,	'0',	'',	'5',	'民政',	NULL,	5,	NULL,	'e1b0ad69-3f75-426b-beb3-e16680ec0247'),
('51e6af5c-0200-447e-8549-cf0c126a7185',	'2019-09-04 03:22:52.738371',	'2019-11-10 15:59:58.34242',	2,	1,	'0',	'',	'7',	'宗教',	NULL,	7,	NULL,	'e1b0ad69-3f75-426b-beb3-e16680ec0247'),
('8a7428d9-4f06-4eba-a985-0636c9e108e3',	'2019-09-04 03:23:06.18921',	'2019-11-10 16:00:40.954988',	2,	1,	'0',	'',	'8',	'工会',	NULL,	8,	NULL,	'e1b0ad69-3f75-426b-beb3-e16680ec0247'),
('aee29931-dbf4-44a8-a95f-52503eb0d934',	'2019-09-04 03:23:19.29696',	'2019-11-10 16:01:09.81174',	2,	1,	'0',	'',	'9',	'工商',	NULL,	9,	NULL,	'e1b0ad69-3f75-426b-beb3-e16680ec0247'),
('fadaee02-1d1e-4fb9-b40d-1f2d7beeeeb1',	'2019-09-04 03:23:37.709772',	'2019-11-10 16:02:07.90173',	2,	1,	'0',	'',	'A',	'中央军委改革和编制办公室',	NULL,	10,	NULL,	'e1b0ad69-3f75-426b-beb3-e16680ec0247'),
('80b25c91-1a97-435b-8261-ceab3e283755',	'2019-09-04 03:20:35.061393',	'2019-11-10 15:55:32.135475',	2,	1,	'0',	'',	'3',	'司法行政',	NULL,	3,	NULL,	'e1b0ad69-3f75-426b-beb3-e16680ec0247'),
('041222c8-8916-48da-bd78-3e93e1660efa',	'2019-07-26 08:56:19.280159',	'2019-11-16 01:54:49.894207',	2,	1,	'1',	'',	'male',	'男',	NULL,	0,	NULL,	'903c59a8-59a8-49cd-9a3f-a65394f45134'),
('ea42d4e3-aa0b-4a23-b8e2-d4f88aed16a2',	'2019-07-26 08:56:38.965885',	'2019-11-16 01:54:57.801303',	2,	1,	'1',	'',	'female',	'女',	NULL,	0,	NULL,	'903c59a8-59a8-49cd-9a3f-a65394f45134'),
('58430b98-b4d0-4bfb-a539-76e7c2ff2073',	'2019-09-04 03:22:39.499566',	'2019-11-10 15:58:42.74829',	2,	1,	'0',	'',	'6',	'旅游',	NULL,	6,	NULL,	'e1b0ad69-3f75-426b-beb3-e16680ec0247'),
('fa48d183-d794-4f49-909c-063a83251a5e',	'2019-07-26 08:56:03.42824',	'2019-11-16 01:54:39.001357',	2,	1,	'1',	'',	'secrecy',	'保密',	NULL,	0,	NULL,	'903c59a8-59a8-49cd-9a3f-a65394f45134'),
('f49bbda2-8e61-4309-8eda-1cd5ea0243e7',	'2019-08-07 09:03:14.43339',	'2019-11-17 14:10:35.79917',	2,	1,	'1',	'',	'identity_card',	'身份证',	NULL,	1,	NULL,	'e5cd629a-a537-441a-83e1-dc035a693d0e'),
('a33c09aa-1be7-4c7d-bd7e-6ec5679bbfd0',	'2019-12-11 20:34:31.061878',	'2019-12-11 20:34:31.072369',	1,	1,	'1',	'',	'community',	'小区',	NULL,	0,	NULL,	'7bb4c30f-8c26-4909-aa90-e3ffe6966965'),
('70995156-292f-4d2d-9d49-45f1f43a4855',	'2019-12-11 20:47:24.389389',	'2019-12-11 20:47:24.395529',	1,	1,	'1',	'',	'online',	'在线',	NULL,	0,	NULL,	'616c4dfc-593d-421b-8e2e-8a9c62819338'),
('f91b6181-00dc-4c14-93f6-79627c3a4f86',	'2019-12-11 20:47:38.341655',	'2019-12-11 20:47:38.343386',	1,	1,	'1',	'',	'offline',	'离线',	NULL,	0,	NULL,	'616c4dfc-593d-421b-8e2e-8a9c62819338'),
('6806e36c-f856-4d67-a2d0-5cfbcbb3a973',	'2019-12-19 10:57:01.226605',	'2019-12-19 10:57:01.230256',	1,	1,	'1',	'',	'park',	'园区',	NULL,	0,	NULL,	'7bb4c30f-8c26-4909-aa90-e3ffe6966965'),
('5dd9fed0-6a4f-4808-b322-239fd3050891',	'2019-12-19 10:58:00.078634',	'2019-12-19 10:58:00.080949',	1,	1,	'1',	'',	'business_district',	'商圈',	NULL,	0,	NULL,	'7bb4c30f-8c26-4909-aa90-e3ffe6966965'),
('703d5fd6-ab48-49ac-81d1-125f8d4f7d01',	'2020-02-23 21:54:29.949581',	'2020-02-23 21:54:29.952216',	1,	1,	'1',	'',	'approved',	'已批准',	NULL,	0,	NULL,	'3d9fb76b-a827-4fae-a865-8f4427695dba'),
('bc042670-3df4-4c7e-b9d4-adb0a9b502cc',	'2020-02-23 21:55:10.120962',	'2020-02-23 21:55:10.122485',	1,	1,	'1',	'',	'rejected',	'已拒绝',	NULL,	0,	NULL,	'3d9fb76b-a827-4fae-a865-8f4427695dba');

INSERT INTO "t_dictionary_type" ("id", "created_at", "updated_at", "version", "code", "name", "remark") VALUES
('2c7aec00-c8b3-4aba-a25d-cd91c6619c87',	'2020-05-28 05:03:59.421022',	'2020-05-28 05:03:59.421022',	0,	'product_category',	'产品类别',	NULL),
('63851828-fdfe-4a87-8404-2147a195e155',	'2019-07-26 08:54:40.040999',	'2019-07-26 08:54:40.040999',	0,	'nation',	'民族',	NULL),
('903c59a8-59a8-49cd-9a3f-a65394f45134',	'2019-07-26 08:54:09.713369',	'2019-07-26 08:54:09.713369',	0,	'gender',	'性别',	NULL),
('e5cd629a-a537-441a-83e1-dc035a693d0e',	'2019-08-07 09:02:51.428566',	'2019-11-07 14:36:36.237633',	1,	'document_type',	'证件类型',	NULL),
('e1b0ad69-3f75-426b-beb3-e16680ec0247',	'2019-11-08 09:38:21.233908',	'2019-11-09 21:07:27.616748',	5,	'organization_category',	'机构类别',	NULL),
('7bb4c30f-8c26-4909-aa90-e3ffe6966965',	'2019-12-11 20:34:16.099703',	'2019-12-11 20:34:16.099703',	0,	'area_type',	'区域类型',	NULL),
('616c4dfc-593d-421b-8e2e-8a9c62819338',	'2019-12-11 20:47:09.275041',	'2019-12-11 20:47:09.275041',	0,	'device_status',	'设备状态',	NULL),
('3d9fb76b-a827-4fae-a865-8f4427695dba',	'2020-02-23 21:52:46.534931',	'2020-02-23 21:52:46.534931',	0,	'audit_status',	'审批状态',	NULL);


INSERT INTO "t_job" ("id", "created_at", "updated_at", "version", "depth", "leaf", "parent_ids", "name", "parent_id", "department_id", "post_id", "created_by", "updated_by", "belongs_to", "controlled_by") VALUES
('9f604c4c-5dc4-4b57-aa2f-3fa4fcc7214a',	'2020-05-28 10:39:14.890273',	'2020-05-28 10:39:14.890273',	0,	1,	'1',	'',	'员工',	NULL,	'f760f5e8-bf7a-4891-8580-422f5d698b35',	'903d36b6-e4bb-40f9-92f5-b45df7e3fc74',	'574f8db5-effa-40a9-9cb0-e292fdd13cd9',	'574f8db5-effa-40a9-9cb0-e292fdd13cd9',	NULL,	NULL);


INSERT INTO "t_message_template" ("id", "created_at", "updated_at", "version", "content", "subject", "types", "code", "sms_code", "sms_signature") VALUES
('eff17879-463f-49b9-b79f-f55a0c003bc2',	'2020-05-28 04:38:21.015957',	'2020-05-28 04:38:21.015957',	0,	NULL,	NULL,	NULL,	'authentication_captcha',	NULL,	NULL);

INSERT INTO "t_organization" ("id", "created_at", "updated_at", "version", "depth", "leaf", "parent_ids", "code", "name", "simple_name", "parent_id", "category_id") VALUES
('77e8cea3-64a5-4760-ae0a-e9cd44141449',	'2020-05-28 10:39:14.675831',	'2020-05-28 10:39:14.675831',	0,	1,	'1',	'',	'91500107MA5UDEU03K',	'重庆鹏软科技有限公司',	'鹏软科技',	NULL,	'98fdc3e6-567c-48b6-9c82-ffe7f20b6717');

INSERT INTO "t_post" ("id", "created_at", "updated_at", "version", "depth", "leaf", "parent_ids", "name", "parent_id", "organization_id", "created_by", "updated_by", "belongs_to", "controlled_by") VALUES
('903d36b6-e4bb-40f9-92f5-b45df7e3fc74',	'2020-05-28 10:39:14.759128',	'2020-05-28 10:39:14.759128',	0,	1,	'1',	'',	'员工',	NULL,	'77e8cea3-64a5-4760-ae0a-e9cd44141449',	'574f8db5-effa-40a9-9cb0-e292fdd13cd9',	'574f8db5-effa-40a9-9cb0-e292fdd13cd9',	NULL,	NULL);

INSERT INTO "t_product" ("id", "created_at", "updated_at", "version", "contact", "name", "category_id") VALUES
('3f0ac644-5d35-46c6-8812-d724885c62af',	'2020-05-28 05:05:40.99966',	'2020-05-28 05:05:40.99966',	0,	NULL,	'隆联人脸识别一体机',	'968502cc-8ae2-451b-9375-51489947e3d4');


INSERT INTO "t_role" ("id", "created_at", "updated_at", "version", "depth", "leaf", "parent_ids", "code", "name", "remark", "parent_id") VALUES
('03a18060-98d6-4beb-ae90-42c50388eecf',	'2020-05-28 04:26:32.296126',	'2020-05-28 04:26:32.296126',	0,	3,	'1',	'58b4c8ea-1316-4c0a-8ac7-03f7a43e2b3b::f124d056-1559-4980-939f-d3b8d0ecd16c',	'device_product_admin',	'device product admin',	NULL,	'f124d056-1559-4980-939f-d3b8d0ecd16c'),
('58b4c8ea-1316-4c0a-8ac7-03f7a43e2b3b',	'2020-05-28 04:26:32.242432',	'2020-05-28 04:26:32.298162',	1,	1,	'0',	'',	'admin',	'admin',	NULL,	NULL),
('f124d056-1559-4980-939f-d3b8d0ecd16c',	'2020-05-28 04:26:32.278489',	'2020-05-28 04:26:32.299759',	1,	2,	'0',	'58b4c8ea-1316-4c0a-8ac7-03f7a43e2b3b',	'device_admin',	'device admin',	NULL,	'58b4c8ea-1316-4c0a-8ac7-03f7a43e2b3b'),
('b8361cd0-8d06-42dd-8156-ce2a6e53a464',	'2020-05-28 04:26:58.625126',	'2020-05-28 04:26:58.625126',	0,	3,	'1',	'58b4c8ea-1316-4c0a-8ac7-03f7a43e2b3b::f124d056-1559-4980-939f-d3b8d0ecd16c',	'device_device_admin',	'device device admin',	NULL,	'f124d056-1559-4980-939f-d3b8d0ecd16c'),
('6502e3e6-b4f5-4fbd-8f67-5226e6427d5d',	'2020-05-28 04:27:27.057075',	'2020-05-28 04:27:27.057075',	0,	3,	'1',	'58b4c8ea-1316-4c0a-8ac7-03f7a43e2b3b::f124d056-1559-4980-939f-d3b8d0ecd16c',	'device_batch_admin',	'device batch admin',	NULL,	'f124d056-1559-4980-939f-d3b8d0ecd16c'),
('82c7cab2-3614-4855-8bb3-0b2bb339672d',	'2020-05-28 04:28:56.580164',	'2020-05-28 04:28:56.580164',	0,	3,	'1',	'58b4c8ea-1316-4c0a-8ac7-03f7a43e2b3b::d124388f-b7fb-400c-b52e-c034c1d7f969',	'security_user_admin',	'security user admin',	NULL,	'd124388f-b7fb-400c-b52e-c034c1d7f969'),
('d124388f-b7fb-400c-b52e-c034c1d7f969',	'2020-05-28 04:28:56.559195',	'2020-05-28 04:28:56.58367',	1,	2,	'0',	'58b4c8ea-1316-4c0a-8ac7-03f7a43e2b3b',	'security_admin',	'security admin',	NULL,	'58b4c8ea-1316-4c0a-8ac7-03f7a43e2b3b'),
('d70297b3-58e5-4060-873d-73e5468dec29',	'2020-05-28 04:30:50.169058',	'2020-05-28 04:30:50.169058',	0,	3,	'1',	'58b4c8ea-1316-4c0a-8ac7-03f7a43e2b3b::d124388f-b7fb-400c-b52e-c034c1d7f969',	'security_role_admin',	'security role admin',	NULL,	'd124388f-b7fb-400c-b52e-c034c1d7f969'),
('f4faf51d-e2f9-4ab0-a133-dc33366349ff',	'2020-05-28 04:31:48.895235',	'2020-05-28 04:31:48.895235',	0,	3,	'1',	'58b4c8ea-1316-4c0a-8ac7-03f7a43e2b3b::d124388f-b7fb-400c-b52e-c034c1d7f969',	'security_authority_admin',	'security authority admin',	NULL,	'd124388f-b7fb-400c-b52e-c034c1d7f969'),
('5ef2396d-79e1-4f91-b07d-0372f0617f54',	'2020-05-28 04:34:00.499207',	'2020-05-28 04:34:00.499207',	0,	3,	'1',	'58b4c8ea-1316-4c0a-8ac7-03f7a43e2b3b::7b6c71e7-34cf-456d-bddd-80f67b32ecc8',	'security_oauth_client_admin',	'security oauth client admin',	NULL,	'7b6c71e7-34cf-456d-bddd-80f67b32ecc8'),
('7b6c71e7-34cf-456d-bddd-80f67b32ecc8',	'2020-05-28 04:34:00.475933',	'2020-05-28 04:34:00.505095',	1,	2,	'0',	'58b4c8ea-1316-4c0a-8ac7-03f7a43e2b3b',	'security_oauth_admin',	'security oauth admin',	NULL,	'58b4c8ea-1316-4c0a-8ac7-03f7a43e2b3b'),
('d8c945a2-1c10-4d5d-88f3-21f9b5c547e8',	'2020-05-28 04:38:20.443052',	'2020-05-28 04:38:20.443052',	0,	3,	'1',	'58b4c8ea-1316-4c0a-8ac7-03f7a43e2b3b::15e1f44f-5d4c-4bdc-be9f-d8c641a00a64',	'system_message_template_admin',	'system message template admin',	NULL,	'15e1f44f-5d4c-4bdc-be9f-d8c641a00a64'),
('8a3a2bd7-bc4a-40ed-a22b-503c3960c416',	'2020-05-28 04:51:40.901595',	'2020-05-28 04:51:40.956501',	1,	2,	'0',	'58b4c8ea-1316-4c0a-8ac7-03f7a43e2b3b',	'basedata_admin',	'basedata admin',	NULL,	'58b4c8ea-1316-4c0a-8ac7-03f7a43e2b3b'),
('56392fba-9536-45c2-85e1-a80f78e014b9',	'2020-05-28 04:44:43.969872',	'2020-05-28 04:44:43.969872',	0,	3,	'1',	'58b4c8ea-1316-4c0a-8ac7-03f7a43e2b3b::15e1f44f-5d4c-4bdc-be9f-d8c641a00a64',	'system_asset_admin',	'system asset admin',	NULL,	'15e1f44f-5d4c-4bdc-be9f-d8c641a00a64'),
('8c257dd3-eacb-452a-bde6-73c29588eac5',	'2020-05-28 04:45:14.870644',	'2020-05-28 04:45:14.870644',	0,	3,	'1',	'58b4c8ea-1316-4c0a-8ac7-03f7a43e2b3b::15e1f44f-5d4c-4bdc-be9f-d8c641a00a64',	'system_captcha_admin',	'system captcha admin',	NULL,	'15e1f44f-5d4c-4bdc-be9f-d8c641a00a64'),
('7a93b8be-1c05-46c9-a51c-7d134e1beaa2',	'2020-05-28 04:45:47.301836',	'2020-05-28 04:45:47.301836',	0,	3,	'1',	'58b4c8ea-1316-4c0a-8ac7-03f7a43e2b3b::15e1f44f-5d4c-4bdc-be9f-d8c641a00a64',	'system_message_admin',	'system message admin',	NULL,	'15e1f44f-5d4c-4bdc-be9f-d8c641a00a64'),
('eb8ed07d-2aa5-445a-af76-23e4e01a221b',	'2020-05-28 04:45:53.338777',	'2020-05-28 04:45:53.338777',	0,	3,	'1',	'58b4c8ea-1316-4c0a-8ac7-03f7a43e2b3b::15e1f44f-5d4c-4bdc-be9f-d8c641a00a64',	'system_region_admin',	'system region admin',	NULL,	'15e1f44f-5d4c-4bdc-be9f-d8c641a00a64'),
('8f9b61bf-2101-4e12-b2e5-ac4cbfcb88c4',	'2020-05-28 04:51:47.791708',	'2020-05-28 04:51:47.791708',	0,	3,	'1',	'58b4c8ea-1316-4c0a-8ac7-03f7a43e2b3b::8a3a2bd7-bc4a-40ed-a22b-503c3960c416',	'basedata_organization_admin',	'basedata organization admin',	NULL,	'8a3a2bd7-bc4a-40ed-a22b-503c3960c416'),
('c1507418-f930-46d6-870e-9be99172fe11',	'2020-05-28 04:51:51.439675',	'2020-05-28 04:51:51.439675',	0,	3,	'1',	'58b4c8ea-1316-4c0a-8ac7-03f7a43e2b3b::8a3a2bd7-bc4a-40ed-a22b-503c3960c416',	'basedata_post_admin',	'basedata post admin',	NULL,	'8a3a2bd7-bc4a-40ed-a22b-503c3960c416'),
('15e1f44f-5d4c-4bdc-be9f-d8c641a00a64',	'2020-05-28 04:38:20',	'2020-05-28 04:50:28.749616',	2,	2,	'0',	'58b4c8ea-1316-4c0a-8ac7-03f7a43e2b3b',	'system_admin',	'system admin',	NULL,	'58b4c8ea-1316-4c0a-8ac7-03f7a43e2b3b'),
('3549b671-c405-4b83-8e26-56c4e1cf7edc',	'2020-05-28 04:45:35',	'2020-05-28 04:50:28.749762',	2,	3,	'1',	'58b4c8ea-1316-4c0a-8ac7-03f7a43e2b3b::15e1f44f-5d4c-4bdc-be9f-d8c641a00a64',	'system_dictionary_item_admin',	'system dictionary item admin',	NULL,	'15e1f44f-5d4c-4bdc-be9f-d8c641a00a64'),
('d42321e7-165f-4bdf-9f8a-eaefb80dae1c',	'2020-05-28 04:45:41',	'2020-05-28 04:50:28.749493',	2,	3,	'1',	'58b4c8ea-1316-4c0a-8ac7-03f7a43e2b3b::15e1f44f-5d4c-4bdc-be9f-d8c641a00a64',	'system_dictionary_type_admin',	'system dictionary type admin',	NULL,	'15e1f44f-5d4c-4bdc-be9f-d8c641a00a64'),
('af817814-a0c5-4d28-8313-efba78d88a20',	'2020-05-28 04:51:40.948121',	'2020-05-28 04:51:40.948121',	0,	3,	'1',	'58b4c8ea-1316-4c0a-8ac7-03f7a43e2b3b::8a3a2bd7-bc4a-40ed-a22b-503c3960c416',	'basedata_department_admin',	'basedata department admin',	NULL,	'8a3a2bd7-bc4a-40ed-a22b-503c3960c416'),
('25f12913-22d1-4b98-a668-729b0791f41f',	'2020-05-28 04:51:54.32278',	'2020-05-28 04:51:54.32278',	0,	3,	'1',	'58b4c8ea-1316-4c0a-8ac7-03f7a43e2b3b::8a3a2bd7-bc4a-40ed-a22b-503c3960c416',	'basedata_user_profile_admin',	'basedata user profile admin',	NULL,	'8a3a2bd7-bc4a-40ed-a22b-503c3960c416');

INSERT INTO "t_role_authority" ("id", "created_at", "updated_at", "version", "authority_id", "role_id") VALUES
('7a1cbcd1-55c4-41a7-9224-38c4bb0a0de7',	'2020-05-28 04:26:32.639391',	'2020-05-28 04:26:32.639391',	0,	'aa8042e4-eb7b-4c30-9f9c-0e6cb9485810',	'03a18060-98d6-4beb-ae90-42c50388eecf'),
('a58b3025-6d8d-4811-8a4e-451c5b941ea4',	'2020-05-28 04:26:32.639812',	'2020-05-28 04:26:32.639812',	0,	'3d399d55-68ed-4e76-876c-2a8d58c928a2',	'03a18060-98d6-4beb-ae90-42c50388eecf'),
('5980f32f-2ac3-4d44-abb5-e90bd232fd53',	'2020-05-28 04:26:32.639989',	'2020-05-28 04:26:32.639989',	0,	'c2d727ee-4eed-4fd9-b9ae-54a62d11009a',	'03a18060-98d6-4beb-ae90-42c50388eecf'),
('47efdc97-fc55-417e-8fc1-eb2f25cd9f55',	'2020-05-28 04:26:32.640192',	'2020-05-28 04:26:32.640192',	0,	'423efc9a-b708-4264-bead-2e5117166e64',	'03a18060-98d6-4beb-ae90-42c50388eecf'),
('ea1a1789-25af-4d7c-9f07-5d7b1d1d3eec',	'2020-05-28 04:26:32.640324',	'2020-05-28 04:26:32.640324',	0,	'4323c70b-1f4c-49e7-91d6-95b1e32e1744',	'03a18060-98d6-4beb-ae90-42c50388eecf'),
('b36b2be6-897e-4ecc-bf67-a0fe251d75bd',	'2020-05-28 04:26:59.096518',	'2020-05-28 04:26:59.096518',	0,	'ab228030-8a09-4a2f-8036-8c718c255250',	'b8361cd0-8d06-42dd-8156-ce2a6e53a464'),
('2bc15e36-c8e2-428d-8819-38b412128bf9',	'2020-05-28 04:26:59.097369',	'2020-05-28 04:26:59.097369',	0,	'd981b753-443f-4d58-8f2a-d8c3aa945169',	'b8361cd0-8d06-42dd-8156-ce2a6e53a464'),
('15d32883-1665-4834-b71e-5ea70583e82b',	'2020-05-28 04:26:59.097691',	'2020-05-28 04:26:59.097691',	0,	'e0eeb04d-4ebe-43c6-a28b-1c661ab9c429',	'b8361cd0-8d06-42dd-8156-ce2a6e53a464'),
('c7f644ee-d8f4-4939-aea0-fde6bc688a36',	'2020-05-28 04:26:59.097954',	'2020-05-28 04:26:59.097954',	0,	'81794054-d7ae-4846-afbc-7ebf6bd09830',	'b8361cd0-8d06-42dd-8156-ce2a6e53a464'),
('708cd9ec-061a-44bc-8115-0f7b258dd8d9',	'2020-05-28 04:26:59.098207',	'2020-05-28 04:26:59.098207',	0,	'2831e23e-7f53-45d7-9952-a62184cb71f8',	'b8361cd0-8d06-42dd-8156-ce2a6e53a464'),
('c6cd30f4-d2f4-48b5-b45e-d330c61fca4d',	'2020-05-28 04:27:27.371049',	'2020-05-28 04:27:27.371049',	0,	'a0e7236f-c131-4156-aae9-cadafc30979d',	'6502e3e6-b4f5-4fbd-8f67-5226e6427d5d'),
('4b6b2652-2d27-4aad-ac9f-a50cdcf45c75',	'2020-05-28 04:27:27.371627',	'2020-05-28 04:27:27.371627',	0,	'd4e4dad8-bc97-4078-a85f-48d25c5aebc5',	'6502e3e6-b4f5-4fbd-8f67-5226e6427d5d'),
('3a5e8b65-4e02-4e42-9545-6af626a2b341',	'2020-05-28 04:27:27.37179',	'2020-05-28 04:27:27.37179',	0,	'15055dad-6fd7-4243-b1df-cc4c6e49e040',	'6502e3e6-b4f5-4fbd-8f67-5226e6427d5d'),
('52b875e5-8284-4126-9d00-356d9400ed68',	'2020-05-28 04:27:27.372033',	'2020-05-28 04:27:27.372033',	0,	'60a4bea8-c4dd-4be1-9d34-66d516c1b377',	'6502e3e6-b4f5-4fbd-8f67-5226e6427d5d'),
('60d81a52-b888-4c87-bbfc-7e58268c4af7',	'2020-05-28 04:27:27.372334',	'2020-05-28 04:27:27.372334',	0,	'83b3b526-40ba-4fb5-a556-c165ed7f3463',	'6502e3e6-b4f5-4fbd-8f67-5226e6427d5d'),
('8fca3056-1366-4fd7-85b7-9c9cbec0c149',	'2020-05-28 04:28:56.991002',	'2020-05-28 04:28:56.991002',	0,	'fcf891ef-d188-4af7-a39d-07a0c2334d37',	'82c7cab2-3614-4855-8bb3-0b2bb339672d'),
('0cf3d5eb-4f23-4c5c-8685-d86e994a85c8',	'2020-05-28 04:28:56.991476',	'2020-05-28 04:28:56.991476',	0,	'7372c50d-ddfb-48bb-a99d-487b654fbaf0',	'82c7cab2-3614-4855-8bb3-0b2bb339672d'),
('5ee3bf75-d45e-4116-8676-dc760df2cca5',	'2020-05-28 04:28:56.992952',	'2020-05-28 04:28:56.992952',	0,	'1c8fb41e-25b0-4589-8be9-905128d28ce3',	'82c7cab2-3614-4855-8bb3-0b2bb339672d'),
('34ce0fb0-34bf-47e1-891d-5610af0f6132',	'2020-05-28 04:28:56.99394',	'2020-05-28 04:28:56.99394',	0,	'91c29782-7e66-45f8-83bc-c3fc392f4cee',	'82c7cab2-3614-4855-8bb3-0b2bb339672d'),
('9a23e940-2099-459c-9b9b-d4dd2c66a1b9',	'2020-05-28 04:28:56.994763',	'2020-05-28 04:28:56.994763',	0,	'198df62c-c153-40ee-aa97-1695ec1ee2e5',	'82c7cab2-3614-4855-8bb3-0b2bb339672d'),
('fe704f00-89ef-46ce-939c-9a1e3b67c6e5',	'2020-05-28 04:28:56.99523',	'2020-05-28 04:28:56.99523',	0,	'4e1ef628-b8bd-4ad7-a7ab-f7a5cc8e1833',	'82c7cab2-3614-4855-8bb3-0b2bb339672d'),
('d10cc70b-f9ac-4a3f-b39c-79b1b04f67cb',	'2020-05-28 04:28:56.995363',	'2020-05-28 04:28:56.995363',	0,	'329bfa32-7d5d-4695-873e-1723a143b16b',	'82c7cab2-3614-4855-8bb3-0b2bb339672d'),
('f61fe591-3606-4cc9-a3e5-f78c8677a22a',	'2020-05-28 04:28:56.995485',	'2020-05-28 04:28:56.995485',	0,	'87f64cb6-8a3a-49f1-8960-ac0945b0fed9',	'82c7cab2-3614-4855-8bb3-0b2bb339672d'),
('e4b00313-2235-4e02-87c5-1b02701b6870',	'2020-05-28 04:28:56.995633',	'2020-05-28 04:28:56.995633',	0,	'd1029ff8-01ba-4222-9baa-178f918b865e',	'82c7cab2-3614-4855-8bb3-0b2bb339672d'),
('069edadd-32d9-4ea9-9d1e-9d0b589c97b7',	'2020-05-28 04:28:56.995771',	'2020-05-28 04:28:56.995771',	0,	'52491d26-5821-4771-a5ec-37daeda3e885',	'82c7cab2-3614-4855-8bb3-0b2bb339672d'),
('93426605-a239-4ba1-87e0-25828fc67276',	'2020-05-28 04:28:56.995911',	'2020-05-28 04:28:56.995911',	0,	'440d3ff0-e2b5-4bca-af3a-2ccda558ba96',	'82c7cab2-3614-4855-8bb3-0b2bb339672d'),
('4e9340bf-cdd4-450c-818f-39e85b88cb2c',	'2020-05-28 04:30:50.532311',	'2020-05-28 04:30:50.532311',	0,	'66a203d9-cb54-4f9b-98c9-573744ed41d0',	'd70297b3-58e5-4060-873d-73e5468dec29'),
('201007ac-2780-438c-bc98-5be96d923699',	'2020-05-28 04:30:50.533086',	'2020-05-28 04:30:50.533086',	0,	'1da7b333-6760-45df-90f0-1a17b64cf573',	'd70297b3-58e5-4060-873d-73e5468dec29'),
('bc795597-29fd-4062-93f8-3fbcb4577933',	'2020-05-28 04:30:50.533345',	'2020-05-28 04:30:50.533345',	0,	'09569671-d956-4e42-b26e-762cc8a62895',	'd70297b3-58e5-4060-873d-73e5468dec29'),
('5d0ca60f-c664-4517-bbe0-204d2ef5e022',	'2020-05-28 04:30:50.533748',	'2020-05-28 04:30:50.533748',	0,	'a1f6bae5-2aff-4342-a4e7-eeebd392c94d',	'd70297b3-58e5-4060-873d-73e5468dec29'),
('41262c1b-152a-462f-b22a-64f6137fd079',	'2020-05-28 04:30:50.534744',	'2020-05-28 04:30:50.534744',	0,	'221c8c4f-2881-4229-9c8b-f35dba2f1221',	'd70297b3-58e5-4060-873d-73e5468dec29'),
('fbd4a56d-0d56-4b75-a097-44c27d3bc9a3',	'2020-05-28 04:30:50.53545',	'2020-05-28 04:30:50.53545',	0,	'61a4fb00-3d08-4159-ac54-a669b3c9fe49',	'd70297b3-58e5-4060-873d-73e5468dec29'),
('577937ec-9b57-4ab8-a967-adc5d0ad7ad2',	'2020-05-28 04:30:50.535892',	'2020-05-28 04:30:50.535892',	0,	'60900b76-9460-48b7-9b2e-501c05a41da8',	'd70297b3-58e5-4060-873d-73e5468dec29'),
('f8d4d0c8-fdfe-4395-a58c-d89fb39f7e6b',	'2020-05-28 04:30:50.537143',	'2020-05-28 04:30:50.537143',	0,	'7bfca317-7f7e-40b5-8583-8603b981db18',	'd70297b3-58e5-4060-873d-73e5468dec29'),
('e85a1d73-21d9-4b8b-aa0d-3a2c3943409d',	'2020-05-28 04:30:50.537741',	'2020-05-28 04:30:50.537741',	0,	'7116bd15-7c09-46bb-bddb-8ea898a5ec40',	'd70297b3-58e5-4060-873d-73e5468dec29'),
('b2dd75ba-a3dd-49a9-aee9-70800603bec3',	'2020-05-28 04:30:50.538062',	'2020-05-28 04:30:50.538062',	0,	'421b532b-c470-452f-846f-8b1580fb72ca',	'd70297b3-58e5-4060-873d-73e5468dec29'),
('0e22d765-3828-485c-9a65-29a453fb09ef',	'2020-05-28 04:31:49.256456',	'2020-05-28 04:31:49.256456',	0,	'6843c077-24cd-4344-8daa-080f6435a8e7',	'f4faf51d-e2f9-4ab0-a133-dc33366349ff'),
('70a1e2d2-1c2a-438d-bdc7-54fd98472d09',	'2020-05-28 04:31:49.257243',	'2020-05-28 04:31:49.257243',	0,	'34ca65ff-ea74-4e3e-9784-504b047c94fc',	'f4faf51d-e2f9-4ab0-a133-dc33366349ff'),
('d8a797c0-f38f-4590-be22-59c6ce0d170e',	'2020-05-28 04:31:49.257523',	'2020-05-28 04:31:49.257523',	0,	'516a1295-1d37-4fcb-9706-8f94ac3cd594',	'f4faf51d-e2f9-4ab0-a133-dc33366349ff'),
('6354a26b-c161-4cd8-b6b9-748430904c4a',	'2020-05-28 04:31:49.257699',	'2020-05-28 04:31:49.257699',	0,	'8eba7e3b-a846-4173-ad4c-48fe0c1252b8',	'f4faf51d-e2f9-4ab0-a133-dc33366349ff'),
('58f7f81c-30de-45e9-b049-6668cd8b9b25',	'2020-05-28 04:31:49.257884',	'2020-05-28 04:31:49.257884',	0,	'c4395dfd-3189-4272-ac7b-5e80ff11f4db',	'f4faf51d-e2f9-4ab0-a133-dc33366349ff'),
('4add1138-7aef-49c6-b00a-4a6ff99f6093',	'2020-05-28 04:34:00.945119',	'2020-05-28 04:34:00.945119',	0,	'7453ea2b-aa18-43eb-99bd-7b898eba58b5',	'5ef2396d-79e1-4f91-b07d-0372f0617f54'),
('68e40a1d-5d3b-46ad-9f6d-14f4fa6cdec6',	'2020-05-28 04:34:00.945505',	'2020-05-28 04:34:00.945505',	0,	'669d2f64-4262-4c68-abfe-31cdfe48ee3e',	'5ef2396d-79e1-4f91-b07d-0372f0617f54'),
('09a3b9d8-d2f0-4bf0-8b38-be3f4b9973fe',	'2020-05-28 04:34:00.945708',	'2020-05-28 04:34:00.945708',	0,	'465bfc29-ef95-40c5-b718-9debc97c0fd4',	'5ef2396d-79e1-4f91-b07d-0372f0617f54'),
('4f0d88a4-ad51-4ffb-8f8e-6a2cbf160cf1',	'2020-05-28 04:34:00.945923',	'2020-05-28 04:34:00.945923',	0,	'28b5f4c6-0361-48db-9222-c64dd9e37e31',	'5ef2396d-79e1-4f91-b07d-0372f0617f54'),
('9bed0d18-e64e-4168-ba4a-b61b1657ebe6',	'2020-05-28 04:34:00.946047',	'2020-05-28 04:34:00.946047',	0,	'b6b6ad9a-da3a-43a1-836b-4224b44d27a4',	'5ef2396d-79e1-4f91-b07d-0372f0617f54'),
('899cdfef-ef29-4411-b10a-8164e699e4e0',	'2020-05-28 04:38:20.826364',	'2020-05-28 04:38:20.826364',	0,	'42ccbb3f-c94a-4841-aedd-7a2e6e080bbc',	'd8c945a2-1c10-4d5d-88f3-21f9b5c547e8'),
('d68c11e6-e10a-411a-99b1-19df48d50bdc',	'2020-05-28 04:38:20.826611',	'2020-05-28 04:38:20.826611',	0,	'1491facc-9dcb-4b62-b290-cb1a5ac29d37',	'd8c945a2-1c10-4d5d-88f3-21f9b5c547e8'),
('d351c116-1a2d-4935-afe0-099e7591cade',	'2020-05-28 04:38:20.826738',	'2020-05-28 04:38:20.826738',	0,	'3b0b86f5-7d16-4d72-a204-d0d6395ef264',	'd8c945a2-1c10-4d5d-88f3-21f9b5c547e8'),
('5f49a2c5-9e76-41af-955a-cc20f08ffba2',	'2020-05-28 04:38:20.826858',	'2020-05-28 04:38:20.826858',	0,	'673a17e5-1498-4545-b43d-0406145e2fac',	'd8c945a2-1c10-4d5d-88f3-21f9b5c547e8'),
('36a8d9c1-4664-41c3-af06-5b0c1b8f5d72',	'2020-05-28 04:38:20.826998',	'2020-05-28 04:38:20.826998',	0,	'45ac9b55-61f9-4738-99b8-005193ddb6cb',	'd8c945a2-1c10-4d5d-88f3-21f9b5c547e8'),
('7588c7cb-b3fe-462c-880d-919dd570e36c',	'2020-05-28 04:44:44.377883',	'2020-05-28 04:44:44.377883',	0,	'b5cb6aaa-7624-4100-9010-55996c58dfcd',	'56392fba-9536-45c2-85e1-a80f78e014b9'),
('321c8128-9dc4-4452-99a1-96e6b6039095',	'2020-05-28 04:44:44.378675',	'2020-05-28 04:44:44.378675',	0,	'5dd69ea4-ad3d-4a11-806c-9fcedc7321a2',	'56392fba-9536-45c2-85e1-a80f78e014b9'),
('f871eb6c-5333-4b1f-a736-abf41cfb2e26',	'2020-05-28 04:44:44.379218',	'2020-05-28 04:44:44.379218',	0,	'fcbe3f62-e538-4001-9e83-1c800c0d0b43',	'56392fba-9536-45c2-85e1-a80f78e014b9'),
('c6c28dc4-307c-4bec-84a9-1bd759ccc4a8',	'2020-05-28 04:44:44.379987',	'2020-05-28 04:44:44.379987',	0,	'e5fe53dc-6c38-48c6-a861-a1973709e00b',	'56392fba-9536-45c2-85e1-a80f78e014b9'),
('a4697047-348a-4c1f-b347-a4218d2bba7c',	'2020-05-28 04:44:44.380677',	'2020-05-28 04:44:44.380677',	0,	'8b18fc9f-7765-4a51-ab13-39d071e00196',	'56392fba-9536-45c2-85e1-a80f78e014b9'),
('22bc9740-ea1b-40f2-ac03-107c020f5a34',	'2020-05-28 04:44:44.381834',	'2020-05-28 04:44:44.381834',	0,	'84e10fc2-a2c8-41f9-a97f-5170fd95c4d3',	'56392fba-9536-45c2-85e1-a80f78e014b9'),
('72ef7b1d-b681-4cd6-8300-9d3e1602212a',	'2020-05-28 04:45:15.630621',	'2020-05-28 04:45:15.630621',	0,	'a936165e-10ff-4c83-a706-b57cdd2ee24f',	'8c257dd3-eacb-452a-bde6-73c29588eac5'),
('0b5e75e6-d69f-4848-92e0-f0ba9a68cbdb',	'2020-05-28 04:45:15.632531',	'2020-05-28 04:45:15.632531',	0,	'331591c2-364b-48f4-8bf2-d09a87e90d9a',	'8c257dd3-eacb-452a-bde6-73c29588eac5'),
('9b33feac-72f0-49b5-8cda-218330e399bc',	'2020-05-28 04:45:15.634008',	'2020-05-28 04:45:15.634008',	0,	'6d6f619f-cc1d-4380-8e04-abc5bb6cbf94',	'8c257dd3-eacb-452a-bde6-73c29588eac5'),
('af87b9b5-5a87-43a8-85d2-24582ae483a1',	'2020-05-28 04:45:15.635009',	'2020-05-28 04:45:15.635009',	0,	'2415682f-f650-4f54-be58-b2581c11dbae',	'8c257dd3-eacb-452a-bde6-73c29588eac5'),
('fc96d69e-e3cd-4e02-9513-93652f401c7e',	'2020-05-28 04:45:15.635576',	'2020-05-28 04:45:15.635576',	0,	'4deac6e4-8e64-49f8-aa93-8f0685140662',	'8c257dd3-eacb-452a-bde6-73c29588eac5'),
('a657d33a-1778-4e17-a7ec-0ca463fd4a37',	'2020-05-28 04:45:15.636041',	'2020-05-28 04:45:15.636041',	0,	'5e8354d9-8d00-4ada-b497-fc0ff104c0c2',	'8c257dd3-eacb-452a-bde6-73c29588eac5'),
('e0d1a26c-b640-4be5-b9ab-e5f6a7f94ff8',	'2020-05-28 04:45:36.647761',	'2020-05-28 04:45:36.647761',	0,	'f59e32f9-e45f-423f-9179-b9ce4083b39e',	'3549b671-c405-4b83-8e26-56c4e1cf7edc'),
('e9822854-20d1-4ce2-9857-9ef69503d234',	'2020-05-28 04:45:36.648874',	'2020-05-28 04:45:36.648874',	0,	'002fd2f2-51bc-4074-8d68-988c0cab3bef',	'3549b671-c405-4b83-8e26-56c4e1cf7edc'),
('34645ade-8bb8-4410-a180-b574994248d0',	'2020-05-28 04:45:36.649157',	'2020-05-28 04:45:36.649157',	0,	'abe4b118-0e31-419d-a4cc-c24864dfe49e',	'3549b671-c405-4b83-8e26-56c4e1cf7edc'),
('2beee999-83ca-460a-8ab8-b9894d97261e',	'2020-05-28 04:45:36.649918',	'2020-05-28 04:45:36.649918',	0,	'67d5a07d-aba2-4c3e-8464-9e9392c76c20',	'3549b671-c405-4b83-8e26-56c4e1cf7edc'),
('d7d905a3-d84b-467e-ae4b-656c48cfda30',	'2020-05-28 04:45:36.65065',	'2020-05-28 04:45:36.65065',	0,	'8e1ed1d6-bdeb-4fe5-b5e3-409df0cb6afa',	'3549b671-c405-4b83-8e26-56c4e1cf7edc'),
('931f3eb8-e5b7-4d04-b2f3-4eb605d37bac',	'2020-05-28 04:45:36.650896',	'2020-05-28 04:45:36.650896',	0,	'775df6d4-37ac-41f2-bb39-f798b231f278',	'3549b671-c405-4b83-8e26-56c4e1cf7edc'),
('595992cd-2ef9-40a4-a7d6-c6685659800a',	'2020-05-28 04:45:36.651049',	'2020-05-28 04:45:36.651049',	0,	'6a17c3aa-c267-4f74-b618-8f5e451d34ad',	'3549b671-c405-4b83-8e26-56c4e1cf7edc'),
('e1ec1c33-64b1-4d64-8b1a-004400c23211',	'2020-05-28 04:45:36.651303',	'2020-05-28 04:45:36.651303',	0,	'52328ba6-4a02-4b2f-9398-c34a4cb8aad9',	'3549b671-c405-4b83-8e26-56c4e1cf7edc'),
('ae94fb34-9a5e-465d-a83b-4be70aa4aed3',	'2020-05-28 04:45:36.651476',	'2020-05-28 04:45:36.651476',	0,	'42cd5482-c687-4ba4-8152-ae57cd48c74d',	'3549b671-c405-4b83-8e26-56c4e1cf7edc'),
('8635e93f-c70d-48db-a52d-c56deb756cc7',	'2020-05-28 04:45:36.651639',	'2020-05-28 04:45:36.651639',	0,	'd2c8e6d0-a170-400e-bbed-231315f3181c',	'3549b671-c405-4b83-8e26-56c4e1cf7edc'),
('46359972-615c-4d82-aaa5-1e20dadc9624',	'2020-05-28 04:45:42.296452',	'2020-05-28 04:45:42.296452',	0,	'4b9fa1bf-c4b4-4133-85a8-c216d4485ef2',	'd42321e7-165f-4bdf-9f8a-eaefb80dae1c'),
('237e2e67-bb13-4b9d-8099-01d94cede0f0',	'2020-05-28 04:45:42.297313',	'2020-05-28 04:45:42.297313',	0,	'3eac0691-6d75-4881-b9c3-5caaa8ddaf5f',	'd42321e7-165f-4bdf-9f8a-eaefb80dae1c'),
('30eeb9d9-fdff-49b9-ae5d-d2b4af77a166',	'2020-05-28 04:45:42.297627',	'2020-05-28 04:45:42.297627',	0,	'a37166ba-7b9d-4f33-a5b4-171dc4155595',	'd42321e7-165f-4bdf-9f8a-eaefb80dae1c'),
('25e455e6-0229-438c-91f2-52e15b6995f0',	'2020-05-28 04:45:42.297843',	'2020-05-28 04:45:42.297843',	0,	'8ec80fd0-4083-4371-9c2b-e43e4661100e',	'd42321e7-165f-4bdf-9f8a-eaefb80dae1c'),
('1bb6a94b-49f1-4c31-837a-6147c1e7f913',	'2020-05-28 04:45:42.298029',	'2020-05-28 04:45:42.298029',	0,	'3ec65d5a-0aac-4e7f-a84a-c76bf1032dbd',	'd42321e7-165f-4bdf-9f8a-eaefb80dae1c'),
('154fc25e-d2a8-4c38-ab1f-e1c31fd44ce5',	'2020-05-28 04:45:47.812126',	'2020-05-28 04:45:47.812126',	0,	'62cedbae-2c05-4c1b-89a7-ecb2c993665f',	'7a93b8be-1c05-46c9-a51c-7d134e1beaa2'),
('a3c48978-813f-48d7-b7da-5e3a748b67ee',	'2020-05-28 04:45:47.812882',	'2020-05-28 04:45:47.812882',	0,	'7a011798-c060-4113-a7f3-244e91922859',	'7a93b8be-1c05-46c9-a51c-7d134e1beaa2'),
('d9ffc9fb-4ec3-4ca2-96d4-fcab9786cdce',	'2020-05-28 04:45:47.813348',	'2020-05-28 04:45:47.813348',	0,	'3d87427d-5945-4e39-8f4c-935238844504',	'7a93b8be-1c05-46c9-a51c-7d134e1beaa2'),
('ea4ddd6f-3357-4fb3-89f2-c33e3a96feb8',	'2020-05-28 04:45:47.813571',	'2020-05-28 04:45:47.813571',	0,	'd76681a3-2fb8-4c82-ad8e-9a615a05389f',	'7a93b8be-1c05-46c9-a51c-7d134e1beaa2'),
('fcb28a99-0eab-4a56-8e73-131cfadbe39e',	'2020-05-28 04:45:47.813857',	'2020-05-28 04:45:47.813857',	0,	'd3b780e4-4c3d-4017-af22-e66bb5e486b1',	'7a93b8be-1c05-46c9-a51c-7d134e1beaa2'),
('1ec89c00-cd24-4af8-a71a-055f1ab8e349',	'2020-05-28 04:45:54.135071',	'2020-05-28 04:45:54.135071',	0,	'3ef85078-f911-4d2d-b492-0936c45ea7f3',	'eb8ed07d-2aa5-445a-af76-23e4e01a221b'),
('61f41625-0dc7-4cb8-afe2-de40f475afae',	'2020-05-28 04:45:54.136021',	'2020-05-28 04:45:54.136021',	0,	'd4bb0422-66f6-48e5-9ffa-d79bdc727ad5',	'eb8ed07d-2aa5-445a-af76-23e4e01a221b'),
('2fb8099e-f987-4a2a-8751-ca4d4b2e470e',	'2020-05-28 04:45:54.136308',	'2020-05-28 04:45:54.136308',	0,	'dafd8063-34b8-44c3-bb8d-0709084ff2e1',	'eb8ed07d-2aa5-445a-af76-23e4e01a221b'),
('7c4269c1-9a8e-4277-b971-055b32a40645',	'2020-05-28 04:45:54.136521',	'2020-05-28 04:45:54.136521',	0,	'c376cb74-32c2-4d76-aaad-07604bfbd9ee',	'eb8ed07d-2aa5-445a-af76-23e4e01a221b'),
('cc78578a-29da-4fbe-853f-b381c514a32d',	'2020-05-28 04:45:54.137049',	'2020-05-28 04:45:54.137049',	0,	'e8b5af63-4ea3-40c2-95d5-18b3566c8437',	'eb8ed07d-2aa5-445a-af76-23e4e01a221b'),
('6a5b92c4-fd16-4d03-a107-1a7f4c2dc984',	'2020-05-28 04:45:54.137603',	'2020-05-28 04:45:54.137603',	0,	'92677a01-bcfa-4f67-a720-28f78247d2df',	'eb8ed07d-2aa5-445a-af76-23e4e01a221b'),
('e668f7c5-ffad-40ba-94c0-c56104194297',	'2020-05-28 04:45:54.140464',	'2020-05-28 04:45:54.140464',	0,	'd80c46dc-1ed0-44b8-a6fc-b7c8cb857420',	'eb8ed07d-2aa5-445a-af76-23e4e01a221b'),
('f1b66462-1f5e-42fc-a770-24fa726decdf',	'2020-05-28 04:45:54.143781',	'2020-05-28 04:45:54.143781',	0,	'992a29b7-5c22-41c3-9691-4c5c836bcf3d',	'eb8ed07d-2aa5-445a-af76-23e4e01a221b'),
('38afd774-275a-4a61-9159-7d1d3a4a8446',	'2020-05-28 04:51:41.71055',	'2020-05-28 04:51:41.71055',	0,	'19faa272-1f40-4691-ae25-40123a8b0f9d',	'af817814-a0c5-4d28-8313-efba78d88a20'),
('3c976aaf-edfc-4b83-b79a-527c7b54ded1',	'2020-05-28 04:51:41.710961',	'2020-05-28 04:51:41.710961',	0,	'8cc19199-cc1e-4338-a0b3-82a57a8e688c',	'af817814-a0c5-4d28-8313-efba78d88a20'),
('9f8039ad-9f28-47c1-aab8-e761e485d2aa',	'2020-05-28 04:51:41.711128',	'2020-05-28 04:51:41.711128',	0,	'9f2d39b1-de65-421c-9c55-3e3dba58c0e8',	'af817814-a0c5-4d28-8313-efba78d88a20'),
('ff82e272-819a-4a2e-a8e4-b79975869dfd',	'2020-05-28 04:51:41.711589',	'2020-05-28 04:51:41.711589',	0,	'ed3d66cd-75aa-46e3-8987-8eea4cad9898',	'af817814-a0c5-4d28-8313-efba78d88a20'),
('391e7db4-7620-43fa-8959-1b5db2a4a02d',	'2020-05-28 04:51:41.711808',	'2020-05-28 04:51:41.711808',	0,	'28494dd5-7673-4eef-846b-56b9a370ede3',	'af817814-a0c5-4d28-8313-efba78d88a20'),
('2ff12f4e-9031-4087-a94a-4e6bc42836a8',	'2020-05-28 04:51:41.712465',	'2020-05-28 04:51:41.712465',	0,	'a9479be3-054f-4ba9-8f3a-803d402e0303',	'af817814-a0c5-4d28-8313-efba78d88a20'),
('f1a1d6ef-e247-4826-9fc1-25b31be4900d',	'2020-05-28 04:51:41.712709',	'2020-05-28 04:51:41.712709',	0,	'bd973898-7272-45b9-989e-999858c78dce',	'af817814-a0c5-4d28-8313-efba78d88a20'),
('402aba79-6cb1-42ba-b811-f0a1a2fdf348',	'2020-05-28 04:51:41.712878',	'2020-05-28 04:51:41.712878',	0,	'0c35a130-8671-4276-93b3-092c0250c915',	'af817814-a0c5-4d28-8313-efba78d88a20'),
('61b7cc85-d0a5-4085-aeb7-c37ef979745c',	'2020-05-28 04:51:48.50689',	'2020-05-28 04:51:48.50689',	0,	'd18e184d-be3a-4d3e-afd9-fa1d144b116b',	'8f9b61bf-2101-4e12-b2e5-ac4cbfcb88c4'),
('710c56be-b5f2-4236-ad62-2774e3f2677e',	'2020-05-28 04:51:48.507933',	'2020-05-28 04:51:48.507933',	0,	'c15c8128-dcb0-4124-b52f-3e23a223cdc1',	'8f9b61bf-2101-4e12-b2e5-ac4cbfcb88c4'),
('687f2538-6e6f-41f9-be20-2763bf051e7a',	'2020-05-28 04:51:48.508245',	'2020-05-28 04:51:48.508245',	0,	'1c9688db-f9ba-469b-84c8-a999cce53ba8',	'8f9b61bf-2101-4e12-b2e5-ac4cbfcb88c4'),
('900292e6-85e9-4aa3-9809-c45a7ba489a0',	'2020-05-28 04:51:48.508431',	'2020-05-28 04:51:48.508431',	0,	'f01e614d-91a0-455b-8950-0c6a3befba62',	'8f9b61bf-2101-4e12-b2e5-ac4cbfcb88c4'),
('0a102235-3229-4fe1-8d3f-acab74032cb5',	'2020-05-28 04:51:48.508641',	'2020-05-28 04:51:48.508641',	0,	'661457e5-003e-4cc2-81f5-7b8dbf389a42',	'8f9b61bf-2101-4e12-b2e5-ac4cbfcb88c4'),
('bdfa7529-9f99-445c-9dd0-63aabd2a196d',	'2020-05-28 04:51:48.50905',	'2020-05-28 04:51:48.50905',	0,	'494b2422-101a-462b-8222-f9c44853e9f5',	'8f9b61bf-2101-4e12-b2e5-ac4cbfcb88c4'),
('80b14963-47f8-44ba-a17f-04b1f5687d39',	'2020-05-28 04:51:48.509744',	'2020-05-28 04:51:48.509744',	0,	'023db199-18a6-4cea-81f2-4d0ed00cb55c',	'8f9b61bf-2101-4e12-b2e5-ac4cbfcb88c4'),
('6bd3156b-fa78-4ee6-bfa7-b2ba02b06938',	'2020-05-28 04:51:48.510065',	'2020-05-28 04:51:48.510065',	0,	'af29c8db-22c7-442d-b086-dec1eff9f020',	'8f9b61bf-2101-4e12-b2e5-ac4cbfcb88c4'),
('1c03afb1-eb87-4026-a6e9-b86511a65118',	'2020-05-28 04:51:51.905776',	'2020-05-28 04:51:51.905776',	0,	'f576e183-909e-46f3-a692-d58ccb6b26f2',	'c1507418-f930-46d6-870e-9be99172fe11'),
('7757869f-29df-4c14-9833-0a4f830a6cfd',	'2020-05-28 04:51:51.906421',	'2020-05-28 04:51:51.906421',	0,	'0c83f280-1cb6-42f4-92d5-e180a6f6d2ec',	'c1507418-f930-46d6-870e-9be99172fe11'),
('74822ac8-d429-42a9-9650-e44428551b56',	'2020-05-28 04:51:51.906626',	'2020-05-28 04:51:51.906626',	0,	'ea813f3f-ccdf-4ad4-8519-a5a4b344eb41',	'c1507418-f930-46d6-870e-9be99172fe11'),
('1c064471-bdc7-4809-8e54-c2ff962aba1f',	'2020-05-28 04:51:51.906811',	'2020-05-28 04:51:51.906811',	0,	'3a5bc1df-b88d-4eea-8848-9704596e5655',	'c1507418-f930-46d6-870e-9be99172fe11'),
('6333e722-e8c2-4daa-8da9-ccefd9b8bc1e',	'2020-05-28 04:51:51.906932',	'2020-05-28 04:51:51.906932',	0,	'a518a83a-1a76-42f4-9d91-844962eec440',	'c1507418-f930-46d6-870e-9be99172fe11'),
('b8b3972b-4c8c-48e1-8040-1dff5ed65485',	'2020-05-28 04:51:51.907227',	'2020-05-28 04:51:51.907227',	0,	'd02f5064-c614-4201-99ed-9b895b25b863',	'c1507418-f930-46d6-870e-9be99172fe11'),
('b46cdfe5-0321-4626-9103-bb5aed1afbfe',	'2020-05-28 04:51:51.907764',	'2020-05-28 04:51:51.907764',	0,	'25768f90-95ab-46f0-b3e5-564f3a0f1933',	'c1507418-f930-46d6-870e-9be99172fe11'),
('dea6cba5-9ecb-48c0-aaa5-502def6b965f',	'2020-05-28 04:51:51.908116',	'2020-05-28 04:51:51.908116',	0,	'1246634b-921d-4048-aa1a-156f204dd9ca',	'c1507418-f930-46d6-870e-9be99172fe11'),
('adca0841-a87d-472c-9779-6dfe9d53b6a2',	'2020-05-28 04:51:54.684726',	'2020-05-28 04:51:54.684726',	0,	'79e3c0e9-3d13-4224-be5f-e78fd41339e6',	'25f12913-22d1-4b98-a668-729b0791f41f'),
('1cafc6b7-bae4-48c3-a264-ce44ef0c10fe',	'2020-05-28 04:51:54.685245',	'2020-05-28 04:51:54.685245',	0,	'9e7a7ab3-3cf4-4c2f-a0a0-56532f8fed60',	'25f12913-22d1-4b98-a668-729b0791f41f'),
('922fb0bf-cfe4-4f70-ac76-2d8fe4d68636',	'2020-05-28 04:51:54.685407',	'2020-05-28 04:51:54.685407',	0,	'b0ed6ad1-26da-4e56-9ea9-ce8b77830009',	'25f12913-22d1-4b98-a668-729b0791f41f'),
('a02fd278-f9a2-4f6e-8523-e4ed3437a4fa',	'2020-05-28 04:51:54.685548',	'2020-05-28 04:51:54.685548',	0,	'81f53d62-874b-44d1-8d38-44e54139faa1',	'25f12913-22d1-4b98-a668-729b0791f41f'),
('a1978fbd-d26e-4f0f-b788-791eac2d1308',	'2020-05-28 04:51:54.68576',	'2020-05-28 04:51:54.68576',	0,	'b33a95b4-7ec0-469a-9eff-2c1407b7ed34',	'25f12913-22d1-4b98-a668-729b0791f41f');


INSERT INTO "t_user" ("id", "created_at", "updated_at", "version", "email", "enabled", "expired_at", "locale", "mobile", "mp_open_id", "password", "sign_in_failure_count", "signed_in_at", "username") VALUES
('574f8db5-effa-40a9-9cb0-e292fdd13cd9',	'2020-05-28 04:28:57.366567',	'2020-05-28 10:38:11.997425',	9,	NULL,	'1',	NULL,	'zh_CN',	NULL,	NULL,	'$2a$10$dw8TXIDKkFe5vOpIbF/jSOE7c.hrcKn34KZbFyaRCpeicYD6F3Ky2',	0,	'2020-05-28 10:38:11.905267',	'admin');


INSERT INTO "t_user_role" ("id", "created_at", "updated_at", "version", "major", "role_id", "user_id") VALUES
('31099768-c7fb-427a-949f-554e06df6603',	'2020-05-28 04:28:57.61974',	'2020-05-28 04:28:57.626752',	1,	'1',	'58b4c8ea-1316-4c0a-8ac7-03f7a43e2b3b',	'574f8db5-effa-40a9-9cb0-e292fdd13cd9');

-- 2020-05-28 15:56:42.381165+08
